,uptake_type,sequence,biotin_o
0,0,GTRTDSREDEI,0
1,0,VLPAWQGYHPM,0
2,0,AQPLWGLLSFLPL,0
3,0,LPLESGNCAPF,0
4,0,LFWLGWLGML,0
5,0,LLPVAAAQTTP,0
6,0,SNIAIVLGPN,0
7,0,VGKVTITATLI,0
8,0,EPEAWKTYTERRNA,0
9,0,AQIASGMRYL,0
10,0,LPGEEGTAERI,0
11,0,YIGKTMDYRGTMI,0
12,0,LSSAAPSPLSSSLG,0
13,0,YRNNIFKKKIDE,0
14,0,QNLHGQSPHG,0
15,0,KSWFSDPSDT,0
16,0,THCSAQRPDVCRWL,0
17,0,FLLATILGTACLA,0
18,0,VSTVGIDFKVKTVF,0
19,0,SRPSSDLNNSTLQS,0
20,0,PPLKNGEVLLEA,0
21,0,GPALVSAGLGRPTR,0
22,0,SPIFGLWSNY,0
23,0,TIHVAIVCAGYNA,0
24,0,QREDLEQVRQ,0
25,0,AVFYTTLTPMLN,0
26,0,CEGTDARPYCK,0
27,0,HDSEGKTAFHL,0
28,0,RPRPSWITTMYG,0
29,0,FIRLRDPRNI,0
30,0,VAELKNRTQL,0
31,0,ILQNKSDDLPHWVL,0
32,0,KEGRWVIYNDQ,0
33,0,YYNINQVTLGRRS,0
34,0,IRLLLEYTDSSYE,0
35,0,LPSTTQPKGR,0
36,0,FKELDDDMDG,0
37,0,SGFRVEVVDG,0
38,0,LLGKEDAARE,0
39,0,LVAGSMLAPGG,0
40,0,QSADKLYIQTTTL,0
41,0,NSSVQMPVISQ,0
42,0,APRRYCVRPNSG,0
43,0,QPSKNMFEKIHQ,0
44,0,DLHDMLASLGKNPT,0
45,0,NARSIPRTVPPDVI,0
46,0,SGSLRTSQKRS,0
47,0,CKPALLQSSVKQQ,0
48,0,IIMALGVFFG,0
49,0,LLLLHGGGHSALSW,0
50,0,FLHMGTQARQ,0
51,0,YRHFKNTLIFA,0
52,0,LPALPTGVPPVPTQ,0
53,0,RETTDYLVQGY,0
54,0,ELGKDLSFLHS,0
55,0,CAACHGCLFIA,0
56,0,PNYLGDLIMALAW,0
57,0,KAGLTMNDIDAFEF,0
58,0,SRFIFNPDLRSPSV,0
59,0,LNFQEKKASP,0
60,0,ACRHFRINYAD,0
61,0,VRKTLDMIKKI,0
62,0,TPSPQKPAQGCRK,0
63,0,VSFQARFAEKEEL,0
64,0,AAGGALQSTAS,0
65,0,AGRIQMLLRSD,0
66,0,ADVKNLMSYVVT,0
67,0,HTGEKSNSKTECV,0
68,0,MGSVRKDIDGSGVN,0
69,0,GSVPNKFYVHNDM,0
70,0,LSPQRLCQVP,0
71,0,VLEITLAVILT,0
72,0,TSYKNGDPELNV,0
73,0,FWLGLIICPM,0
74,0,HLSGEASTARTCPQ,0
75,0,ATEEEVTPQHRLW,0
76,0,GFGGKKKGSKWN,0
77,0,PNDPYEEHGLILP,0
78,0,QFQASPCPKEA,0
79,0,LLILEPDKQEALI,0
80,0,ESGRTAVLSEDAS,0
81,0,NPATEESGSDS,0
82,0,LTCCLRLTVGAQSR,0
83,0,YFSLWLLAIGW,0
84,0,RRSTRHSANCDRLS,0
85,0,LAQVYLLPDF,0
86,0,LSRQNAFQVIAVDG,0
87,0,LLNNEFVEFTLSV,0
88,0,ELCAWDVQEGTM,0
89,0,YELSVLCDCEI,0
90,0,FCLEEWQCLDIA,0
91,0,GANAGVGEELAYHY,0
92,0,VGDIKILWHTM,0
93,0,MGELMAFLLPLII,0
94,0,NYYWVPLLTVIF,0
95,0,EQREEIIRLKQEK,0
96,0,KLSALPMTADIL,0
97,0,RGLMLLGPGPVAGP,0
98,0,MAFLKLRDQACDW,0
99,0,KKVRMGAGAD,0
100,0,SGQYTHKVYHVGS,0
101,0,PRRKALPPRTEKM,0
102,0,QTILIPQFELPLST,0
103,0,TSTCWLQEVP,0
104,0,SLSNFIESVKEE,0
105,0,ECICDTGYSGDD,0
106,0,LFKTLLGGTGKA,0
107,0,SDDHCHLILPDSE,0
108,0,AHFILERKGLSR,0
109,0,QLTQLERTRQ,0
110,0,DDENFMKYMMS,0
111,0,AEFWNTVSNL,0
112,0,NIKIKPLQSKDI,0
113,0,PHCSQLTASGASSP,0
114,0,NKVVCSSPLCPAYR,0
115,0,HEPQCLKKWHNE,0
116,0,LAARSSQAKAI,0
117,0,PKRSQTSTADSD,0
118,0,AAQEGAVAFAA,0
119,0,IRKEGFFTVPP,0
120,0,ISSYLQPPVAVV,0
121,0,EEISLEDEAVDKNI,0
122,0,TVLVIFIIIIIVWV,0
123,0,REKVIQDKTNSN,0
124,0,QKTKIEIGDT,0
125,0,FCSEYRPKIKGEHPGLS,0
126,0,LRHDPHKLLEGCLVGGRA,0
127,0,PDGLSLKSISSVNVDEL,0
128,0,VHRYSVETVQWYPHDTGM,0
129,0,HWRSGRTICIKTHES,0
130,0,KAKELYEPIWQNFTDPQL,0
131,0,QEDADIQVGGVRAQLMHIS,0
132,0,TLSRAAVSVQERRAQ,0
133,0,SASLESVESPKSDEEAEST,0
134,0,MTSPEIASLSWGQMKVKG,0
135,0,PVIDYIDSKFEDYLNA,0
136,0,VFDLLNIVPWLKKYGTNPS,0
137,0,LQRRNQGGIFGSILSTLR,0
138,0,LMQLRDLDLSYGGLAFLS,0
139,0,QMHVYSLGMTLYWSAGFHV,0
140,0,VRARGLPWQSSDQDV,0
141,0,VSWLSKEWAKRAALPS,0
142,0,QRAPQMPDSQRGRVAEE,0
143,0,RVAKLVASSLQTPVNP,0
144,0,KYVQKDGHHCCLKCFDK,0
145,0,VPLRYVKFQNVNSVT,0
146,0,DAKVISVSTGTKCING,0
147,0,VEMHHEALSEALPGDN,0
148,0,PPVRNTEMDHDGTPENEG,0
149,0,SPCPQPLAFSSVETMEG,0
150,0,FHWSAPFSAWLGTVLTHLH,0
151,0,WPESTTVKQMPATVYIRF,0
152,0,IHGWTMSGIFENWLHK,0
153,0,KNDWEVQYQQDTPVAPR,0
154,0,PDMVPLPRRISQRVVSL,0
155,0,VLKAVENINNTLGPALLQ,0
156,0,EENFNPNCSFWSYSKR,0
157,0,IDGHMVNLDKGFVCIVTN,0
158,0,FLCPPRPSLPFQSSALSR,0
159,0,RADEKEPSGPYESDEDKS,0
160,0,SVKAALQVAEVLEAIVSC,0
161,0,DCMLVVKGVCFKAHK,0
162,0,CTIACRGKNMEVRLIFLS,0
163,0,PSQIDNNEPYMKIPCNDS,0
164,0,GPKAVACTFAREHLDM,0
165,0,FFCLRFTCKGLNIVHRI,0
166,0,EHTCYDAMATSSKLVIFDT,0
167,0,NIEGMILLSELSRRRIRSI,0
168,0,ARPTRMLFVTPRRQHE,0
169,0,QTPETSTFRNQMPSPTSTG,0
170,0,CLVPPAGSFLRTDGEDQRV,0
172,0,WAYLSNRQRRFSILGG,0
173,0,SQQNAKDFFRVLNLNKK,0
174,0,PLVECNSKLDPTKTTLL,0
175,0,DIKHNQVSAQPVPQEPSRK,0
176,0,PLPTSGRWWLGAASW,0
177,0,PRHLRSSLHSPTGSKS,0
178,0,LRKIHALCEEHFSPAS,0
179,0,GETTRKIALETERPPQVEV,0
180,0,MWNNLNDSEKQPYIT,0
181,0,RTVVRTVTLSTKQGE,0
182,0,FFQKAIEGFNQSSHQK,0
183,0,RNVRSLGADCQGKGWK,0
184,0,GLLVFVRNLLLALCLFLVL,0
185,0,SGYPPFVGRCGSDCGWDR,0
186,0,IDDTSSEVLDELYRV,0
187,0,VDNMKQMIFRGGLSH,0
188,0,EMTAVVKIEKGVGGNN,0
189,0,PAAGDGKTEQKGGDKKRGV,0
190,0,MMIKRCFGYQSKSQYRI,0
191,0,TENEIKSRDPIRCRECGYR,0
192,0,WTAYQKYLYWLMCLVYL,0
193,0,MLRMQKGDPQVYEEL,0
194,0,ANAAATATETTCQDVAA,0
195,0,KRKRSPPLGGAPSPS,0
196,0,SIGSSFPRMFSDCSQAY,0
197,0,QGAVRRGGSSMAYKAHA,0
198,0,LVTRNACHLTGGLDW,0
199,0,PRSSRNSSIEAFAVCQ,0
200,0,YPGVIYVPEPWAFYT,0
201,0,PGRSVKLCCPGVTAGKFN,0
202,0,TGPPMGVPPPPPPAPDY,0
203,0,EDEEGYNDGEVDGEEDEEE,0
204,0,MYFNRTSLPWQGLKRQC,0
205,0,SEGLSNYSIIDKLVNIV,0
206,0,GQLSAGRRHETTSSIAS,0
207,0,YADTCFSTIKLKAED,0
208,0,TAPRQVSALHHKDIAL,0
209,0,DMLLFDEQEKGIVTKFY,0
210,0,ISCVGSFILAVCLRIQ,0
211,0,QMESLIRYIKVIGGP,0
212,0,GKTENKGKTGDEEMLKDK,0
213,0,DIKDVGQMLMGKLAVIR,0
214,0,RKSLKVVPEGIRMNKTVAV,0
215,0,ADMNTFPTFKFEDPKF,0
216,0,DADLARFEADLKDKM,0
217,0,KERTCLHYAVKKKFTF,0
218,0,ALSLQQQQPRGPLGL,0
219,0,PHNDQVIASGSEDCTVM,0
220,0,MERARQQVASLIGAD,0
221,0,PTTLLPSSSQLPTDGWKS,0
222,0,DVATGSLGQGLGAACGMA,0
223,0,RPKPRPQPQPGNSGNSGGY,0
224,0,FRFDGQPINETDTPAQLE,0
225,0,FPGEYIPTVFDNYSAN,0
226,0,PRNAQVALTIWDVYGPGKA,0
227,0,IACLMDMNALLDRFHNYIL,0
228,0,EAGGGQLGSTAQGLFSR,0
229,0,ATYGQTAYATSYGQPPTG,0
230,0,AEDDPVVPFQLGRKLY,0
231,0,HYPNVMNMRVCIQLVFALW,0
232,0,FKAYVSLFMRHLCEPGAD,0
233,0,MAERPTAAPRSMTHAK,0
234,0,PTSNHGPDATEAEEDFVD,0
235,0,FRMYSKGASEIVLKKCCK,0
236,0,KEKIEYKCSEREQRFIQ,0
237,0,IQRFGVKQQELCDIL,0
238,0,LYVQFGSSGWRRVCL,0
239,0,QSFYPWEWGEKGISTAR,0
240,0,PSKDRKRHRSRDRRRGGS,0
241,0,QHKIKQEEILKEINKIV,0
242,0,KLVEVIKTPMTSQKTF,0
243,0,MCGPPSTRMLAPRSAASD,0
244,0,QVQENGFVKKLEPKSGW,0
245,0,AALSSVKVGGVATAAAAV,0
246,0,NLREDGEKAAREVKLLL,0
247,0,ALLQKLASPNLSRLVQEC,0
248,0,LACYAGHLDVVKYLR,0
249,0,EHHSILCSILYAVMRF,0
250,0,CSDGWDRTAQLTSLAM,0
251,0,NPESQEMLEEQLVRMLT,0
252,0,QGGKDITEEIMSGGGSRNP,0
253,0,GYLFLDIITYLVFAVTFVL,0
254,0,KEDMVELLLLQNAQVHQLV,0
255,0,RLNTIQSDKFLNLLLSMVP,0
256,0,NFLRFQIEEKKQREE,0
257,0,KKEKGSFLSNKWKKFW,0
258,0,SDSSDSDEDSSSLYE,0
259,0,LHSEKNVVYRDLKLENL,0
260,0,PQLSICEPSHFGPSF,0
261,0,QDGKAKTHISRLPPGAVA,0
262,0,EELRGQIREEKARTRELET,0
263,0,QFNYTHICAGASAFG,0
264,0,HPKEKVIPDEVHQNQ,0
265,0,HDYCTTPGGTLFSTTPG,0
266,0,PFGSSLSRSSSPYLPAPR,0
267,0,YDPPVVMNADTLSYCQK,0
268,0,IIVQKIQPYTEQSMSAELFRP,0
269,0,GSSLNIMRNLVKAPQQKAEQN,0
270,0,FLRTFYTHQELWCKAPVKPGASP,0
271,0,SVVSLSQALTFFPQPKMDELQLFR,0
272,0,SSTLKKHKIVHTGEKLYTCEECGK,0
273,0,HSEVDKVLSGLEILSKVFDQQSS,0
274,0,AQSGVWNDDSMLGPSQNFEA,0
275,0,CIINLDKHRLIMGKTDKEEIPF,0
276,0,LVDELDLTDKHREAMFALPAE,0
277,0,LSKIQTLKLAARYIDFLYQVLQ,0
278,0,VMSSFLETAQPALRALDGLQREA,0
279,0,FTYSTSAPGPALSPSVPLHYL,0
280,0,VVMTTHFHLKRKIGYFVIQTYL,0
281,0,IPIDFYYFMAKIFIHKGRTCRV,0
282,0,SKRLNHRNYLLESPHRFSVADLQ,0
283,0,DIKSGKLSRELDFVSHHVRT,0
284,0,KSSTVLMKMMSALSQVKESL,0
285,0,QKRDGVSLFRPGWSAVARSWLT,0
286,0,VVLKTVLENEDDMLLFDEQEKG,0
287,0,SSASTGQATPLPVTIPSSSS,0
288,0,SGGEPDVFPTVPFHEEFESGT,0
289,0,LFISGACDASAKLWDVREGT,0
290,0,VGMNIDIASIDMVSEVNMAMQ,0
291,0,STIYGPHTLSAYIQLFRNLAKAIA,0
292,0,KIQDKEGIPPDQQRLIFAGKQL,0
293,0,GQRVQKGGTESQDTLCQNCPP,0
294,0,PGDIEFEDYTQPMKRTVSDNS,0
295,0,KAADSSPDTSDNEAKETDGKRS,0
296,0,SFEAGEGSCASLELFFIGFIIMGF,0
297,0,KLRKDIRPEYREDFVLTVTGKKPP,0
298,0,KEIDTDSTSQGESKIVSFGFGSST,0
299,0,GFSPQHKITSFEEAKGLDRINER,0
300,0,GSCYPATGDLLIGRAQKLSV,0
301,0,HLVEPCFPPCQWHRMPTTQE,0
302,0,GQELRFYKEKKEILSLALTQICSD,0
303,0,ELPTELFPPLFMEAFSRRRCEAL,0
304,0,SLVIVESADNQPETCERLDED,0
305,0,PKCPSRYHCTHEAGVHSVGL,0
306,0,PRPPTAAPQESVTFKDVSVDFTQE,0
307,0,FNSFDKVRSLPLLLSQAGVRTGL,0
308,0,MLGSTCHTTTLPALVRTPTL,0
309,0,VIPGLKTIVGALIQSVKKLSDVM,0
310,0,RRGFRQELDSWRHKLIHCVPFPS,0
311,0,PNGNALDESCEDKNRYIYKVLLCC,0
312,0,ETSSGIFCCGPCSVESIKNGL,0
313,0,GHLAKQLYKKFDLRANCEPQTYG,0
314,0,AIEVEGEQQAWFGFAGTPGYLS,0
315,0,EKVLKPRTYSYWFQKLRYVRKLKN,0
316,0,SSIDDLMKSLDKNSDQEIDFKEY,0
317,0,KHPRRAQDSKKPPRAPRTSKAQRR,0
318,0,EYFSRVVLLCHPGWSAEVRSWLTT,0
319,0,IGQMDCSLIPANLVEAFGLLINC,0
320,0,QLHVSSKPEKLARARNTAHEWI,0
321,0,PAPFEMPSSVSEDPSASSQG,0
322,0,NPKRDQCFAGLEPPANMPLGAG,0
323,0,VSVDDGGTFEVVLHRVWKGSSV,0
324,0,SISLPWKVLLVMLLALITLAT,0
325,0,GKRFHDEVGKFRFLNELIKVV,0
326,0,AACKTKVAGSVEEEGVVKEIDI,0
327,0,NSRVLVDQTTGLSRGVAFIRF,0
328,0,NYPPGPWRLPFLGNFFLVDFE,0
329,0,AKTIQQTLILANILEACEHMT,0
330,0,FGGSFLNCVRESENSAQKLMHLV,0
331,0,SESSASPQPKRRQQDTSASMP,0
332,0,VFALVIALVPVGRGKPPPLPTP,0
333,0,QQYYLKVHLGENKVHTARFHS,0
334,0,AWRGRVEAFLGAELCQEAHSIILSIL,0
335,0,SGQSLKSLNASSGHLALILSSIFGLLLL,0
336,0,ERELDWAKVMVEKSRMGVVPPGTQVEQLL,0
337,0,PKRQFGSAPPVRRLGHDAQPMTSLDTA,0
338,0,QFAKQTGQWIGMVENFNQALKEIGDVENW,0
339,0,AETEPHEGKRKVESLWPIFRIHHQKTR,0
340,0,RIGKTGERPSQENGIQKHRTSLPAPMF,0
341,0,FHYGLILQSLWLQSDPKYHWEQQCEGL,0
342,0,YIYELLEKVCKLEKVYIPPEADKEEP,0
343,0,MDAEAEDKTLRT,0
344,0,MELLGCEVEAPTAGPTTPNGNLVDECDD,0
345,0,ILAELLHFFTDLRDGIISDIFDKKEKTLL,0
346,0,IVGIGYNGMPNGCSDDVLPWRRTAENK,0
347,0,ANRFQSGSRRKAAQRSAPSRATALVG,0
348,0,HMTEKQLNLYDRLINEPSNDWDIYYWA,0
349,0,LEQEELAQELLNVGDKEEEPSVKLPSVP,0
350,0,MRDSYLEEDVYQLQELRRELDRANKNCR,0
351,0,DLARRLGLHYVVYSGLENIKKLTAG,0
352,0,GRFGKKGLAFNMIEVDELPSLMKIQ,0
353,0,ASQVSTACNQISPSLQRAMNAANLNIPPS,0
354,0,VHCSLDLPSSSNPPTSASQVDGTRG,0
356,0,VASSFGNMMSKEKREAVSKEDLARATLI,0
357,0,MATELSDAILEGYPKSKKQFFEEVG,0
358,0,DSGGPMVASFHGTWFLVGLVSWGEGCGLL,0
359,0,KCGARMMRRLLAQHATSECPKRTQPCTY,0
360,0,SVPCILGENGITDLIKVKLTLEEEACLQ,0
361,0,KFYTTAVDIWSIGCIFAEMVTRKALFP,0
362,0,QKETESAPGSPRAVTPVPTKTEEVSN,0
363,0,SKSAISKPTCVKALKPEKVKLAACGRN,0
364,0,VQFQASYLPKPGAQLYQFRYVNRQGQ,0
365,0,MEIPMGTQGCFSKSLLLSASILVLWMLQ,0
366,0,PPIPESLAAAAAAAQQLQVARKQDTRQTA,0
367,0,QLSVKNRRQRPSRTRLYDSVSSTDGE,0
368,0,AQATDLSLSPGGESKANCSPEDPCQE,0
369,0,TLISGLSVNYDDDDVEIELKRAHVDM,0
370,0,PTKSRGLTPLLPKSTIQEQERHKQLKS,0
371,0,ALRSFLTTYQVLALPIPKKMKEFLTYRT,0
372,0,FTSVGIAASSIAAKMMSTAAIANGG,0
373,0,MFVVCSKEQLQSGGKYSHQVWAPFSPLA,0
374,0,WFLLGWIGGDSCNLIGSFLADQLPL,0
375,0,LRYYDQICSIEPKFPFSENQNLDND,0
376,0,SRWHVPSDGLCRPCHVHQLLHPPLVPA,0
377,0,IVVAGTWPQAPGLSTLGLNIIILPDCLGI,0
378,0,KISKVSPGAFTPLVKLERLYLSKNQL,0
379,0,HNEVERRRRDKINNWIVQLSKIIPDCNA,0
380,0,FDEFQVTDIADAMILKQLFENLFKN,0
381,0,WEVELWEIRRTEKQNSQPCGSSTCEV,0
382,0,YFWGYILIGWGVPSTFTMVWTIARIHF,0
383,0,SQALSGCEISISNETKDLLLAAVSEDS,0
384,0,SGPGQPAVWHRLEELYTKKLWHQLTLQVL,0
385,0,PPPIALAVVPSKRQRISGNTSRRGK,0
386,0,ADSDGWDSAPSDLRTIQTFVKKAKSS,0
387,0,KIQSGITGTVISAPSSTPITPAMPLDEDP,0
388,0,MRYACSSSEDWPPPLDISSDGDVDAT,0
389,0,MGSSQSVEIPGGGTEGYHVLRHQ,0
390,0,DYISLNEDLRSWTAADTVAQITQRFY,0
391,0,VKYLEFISECIIQVLQSKHPGDFGA,0
392,0,SEEWNPWEGDEKNEQQHRFKTSLQILDKS,0
393,0,HCRAHLANHDDLISKSFQGSQGRAYLFNS,0
394,0,LLEGQDAKMAGIAIREASSGGGGSSSNFHIN,0
395,0,VIGDHKSTSHFRTGEEDKKINEELESQYQQSMD,0
396,0,WLSDLQTHTWDSNSSTIVFLCPWSRGNFSN,0
397,0,ELNSLKCINYPSEKSCLYDIPNDNISDEPSLCDC,0
398,0,TLGCGLLNRSLSPNTNQAARSSAAAGQMMV,0
399,0,EFQARRSSYFWLCNALDVYCPVQWEYGRLNLHY,0
400,0,MPKSGFTKPIQS,0
401,0,VWVEPQYGRVGPGPGIWKHLQDLTYSEIPQALH,0
402,0,ALWWVNGKGKELMWNFRELSENSQQAANIL,0
403,0,DRPEGSVEDEEKKEYLMYGNPPVKYNPAQLAN,0
404,0,DETNFLDEVSRQQELIEKQRREEELKELKEYRNN,0
405,0,HFEKRRNPAAGLIQVSPGVPRGPAQPLSWSHL,0
406,0,TWQAGHNFYNVDMSYLKRLCGTFLGGPKPPQ,0
407,0,GPNLHGLFGRKTGQAPGYSYTAANKNKGIIWGE,0
408,0,SMYGAHKYQAEFPMSPVTSAHAGTYRCYGSYSS,0
409,0,SGLGEVTFLSLTAFYPRAVISWWSSGTGGAGLLG,0
410,0,EKLVSLPVEYSSDDKIFQTETKQYMDQPKVYQ,0
411,0,LLQLDQKKEWATQNAVKLIDKGSYLEIWENDWLK,0
412,0,QKEPEPTRLPPIISKDGNYSVHQNSHTRYHEAV,0
413,0,EDGGLKKCKISRYHLPPPFKLPSSLLCWTTG,0
414,0,PGQQVGTEKSDVGKGIYSLEHVMVPASPQGPA,0
415,0,HNSNGKNKYKNLLISDLKMEREARENGSKSPAHS,0
416,0,FLALAHKWWDEQGVYAPLHSMNDLRVPFIRDN,0
417,0,HPNSRFCAPARQCPIMDPAWEAPEGVPIDAIIFG,0
418,0,YPAEVTITWRKNGKLVMPHSSAHKTAQPNGDW,0
420,0,TLSQDALLRISIPFDSNLRPEKCRRFVHPQWKL,0
421,0,GPELSVPACGEVLLGSMHDFSLERTALFWVEA,0
422,0,SDEAARLVRELCEQVHVRLRELSPPRYKLVCSVV,0
423,0,CPAQGETLRAAGATLNKAVNSPLVRGGSWQMT,0
424,0,QCPCNRLREECPLDTSLCTDTNCASQSTTST,0
425,0,SDSTLPAEARGRGRRRRLVWTPSQSEALRACFER,0
426,0,ERYTSGSKVGTCTLYSVRLTHGDFSWTTKKKYRHFQE,0
427,0,VKREHALTSGTIKAMLSGPGQFAENETNEVNFREIP,0
428,0,LGAIFIALSSSRILLVKYSANEENKYDYLPTTVNVC,0
429,0,TDLSEFAAKAALSAGKVSPETVDSVIMGNVLQSSSDAI,0
430,0,HVCKLGQDRPIKTFQGHTNEVNAIKWDPTGNLLAS,0
431,0,ISARKIAERAQGELFPDRALSSWGNAAAAAGDPIAC,0
432,0,LMRCSFRLTKSLATGPWSHFQRVLTVPSTMRTTQGVQ,0
433,0,QFWDVECHPLKEPHMKHTLRFQLSGQSIEAENEPENACL,0
434,0,TKVQEAINSLGGSVFPKLNWSAPRDAYWIAMNSSLK,0
435,0,SDSGSDALRSGLTVPTSPKGRLLDRRSRSGKGRGLPKK,0
436,0,FVHRDLATRNCLVGANLLVKIGDFGMSRDVYSTDYYR,0
437,0,RSDLWSCGITAIEMAEGAPPLCDMHPMRALFLIPRN,0
438,0,FSFDYQKTGMDNWIKLSGCQNITSTKCNFSSLKLNVYEE,0
439,0,ASGMVNQEMLNMSKKTVSCFVNFTRLQQITNIQAEIYQ,0
440,0,EVPVLQIVPVPDVYNLVCVALGNLEIREIRALFCSS,0
441,0,SRISRLFNGTEPIVLDSLKQHYFIDRDGEIFRYVLSFLR,0
442,0,KVWDFYTEETLAEGPPYDWELAQGPPEPPEEERSDGGA,0
443,0,SLQPWRASFSQFLSEVDLEPEGKVFVVITLTGSFTEA,0
444,0,VDFDLYYGGEAFSVEQPQSFTCPYCGKMGYTETSLQEHV,0
445,0,RYSRSYSRSRSRSRSRRYRERRYGFTRRYYRSPSRYRS,0
446,0,PIRRTVNSTRETPPKSKLAEGEEEKPEPDISSEES,0
447,0,DLCQLLVYKSHCVDDNSWTLVEHHPHLGLERCLEDHELV,0
448,0,IAIYFSQDEWGLLDEAQRLLYLEVMLENFALVASLGC,0
449,0,VRIYISLLKESKTPAILEASAGAIQNLCAGRWTYG,0
450,0,GDLIMSCCPDPNPPIHKIVRKPSRILFLMDGFDELQGA,0
451,0,RYLQEFAPLGTGGGLYHFRDQILAGSPEAFFVLNAD,0
452,0,VEANPGPLNKDKGEKEERPRQQDPQRKALLHMFSGKPPEKPLPN,0
453,0,QSLSTHLEAEKPLRRYGAVEETAWKTERLGRNQLDIISMAE,0
454,0,MAKVLTPELYAELRAKSTPSGFTLDDVIQTGVDNPGHPYIMTVG,0
455,0,AVDPDAGNGELCIKVPSELWKHVDELKVLKIHINFSLDQPKGG,0
456,0,AGVRVVATVTGARAGPTETVMTVTPMEAAALGGQKCCAPNR,0
457,0,AVASYDYLVIGGGSGGLASARRAAELGARAAVVESHKLGGTCVNVGCVP,0
458,0,QPFHSSALEKEEALSNPGALDLPSLTSLLSEKAKEFLMENRVQSFYQQE,0
459,0,WLLKNRFSSYTRLFSNFSGADLLKLTKEDLVQICGAADGIRLYNSLKSRAGP,0
460,0,VPAFLSDLGKATLRGIRKCPRCGTYNGTRGLSCKNKTCGTIFRYGARKQPSVEAVK,0
461,0,YYLNEQGDRVYTLKQKFDPMGQQTCSAHPARFSPDDKYSRHRITIKKRFKVLMTQQPR,0
462,0,KVHSPYEISIRQRFIGKPDMAYRLI,0
463,0,DFLGAVKNVWQPERLNAINITSALD,0
464,0,STERESQDTVAENDDGGFSEEWE,0
465,0,LLTLRWCLALLSRLERDLGSLQP,0
466,0,NLEKYHLPYPEAIFEISYFKKHP,0
467,0,LLQLLGSPGRRYYSLPPHQKVPL,0
468,0,DSAKELQR,0
469,0,ENRPVTDH,0
470,0,ALAILHSKSMA,0
471,0,KFSWPTGESYHGQFYRDHCHGLGTYM,0
472,0,TCPCVRAS,0
473,0,MSPQVNAVFPESKADLILIVVAVEHAL,0
474,0,RDMWRAYSDMREANYIGSDK,0
475,0,GVKVDKATFMVGSYGPRPEEYEF,0
476,0,VEQPQSFTCPYCGKM,0
477,0,HFMPILMEKEEE,0
478,0,VRFSAPPNS,0
479,0,AQQNL,0
480,0,LPKLH,0
481,0,LVCGGVLEG,0
482,0,EAVRTRNEEL,0
483,0,ILNIKISHFL,0
484,0,NVADTKLYDI,0
485,0,RAQIARISAA,0
486,0,ARNKLTGEV,0
487,0,QYFGSAKGF,0
488,0,NEEEEEEE,0
489,0,SLKFQQHQ,0
490,0,SRGRQGCL,0
491,0,AQRAEQW,0
492,0,RHHSAMEKRLQ,0
493,0,KKEAKEKEEKRKKE,0
494,0,KGKQEQAKEEKARELFLKAVEEEQN,0
495,0,DGEAEVEAEAELAPVPEEGGVEQL,0
496,0,SDSDDDFVSATVPLNKKS,0
497,0,DSGPPFGHMVLA,0
498,0,AERFPRRAGPGRLGLGTAGERPRRDNPSLS,0
499,0,RLADVSAVMDSFLTMMVPGRLHVKHRLVSD,0
500,0,DEKRSNVRWDHESVCKYYLCGFCPAELFTNT,0
501,0,WVSLSKARIVE,0
502,0,MAIKSIA,0
503,0,DNFFGL,0
504,0,LLILQA,0
505,0,VVSILL,0
506,0,TQRRGQFLLQA,0
507,0,GSSMIYHCKH,0
508,0,STTTISREE,0
509,0,VGTSSLRRAAQ,0
510,0,TLWEALRALLP,0
511,0,VRASRAMIGHTD,0
512,0,DSFSPHLKHHPQEPANPNMPVV,0
513,0,CAWEV,0
514,0,GSKDEEA,0
515,0,PIPCEQLVT,0
516,0,ATNFSDIVKQGYVKM,0
517,0,YKPTPDLRISIENSEEALTVHAPFPA,0
518,0,ELEVVSESCV,0
519,0,PGDLRQEHF,0
520,0,LIVISKKVKCRKADSRSESPTCKSCKSELPSS,0
521,0,KEIAEAYLGKTVTNAVVTVPAYFNDSQRQATK,0
522,0,GKDVLMNNGLKMDQFCKEHGFVGW,0
523,0,NQLRATVLLMILVCETPYGCYVLH,0
524,0,VPETKVTEWRGNKRREAACISPVHPKHHSA,0
525,0,ICIGYIIGGLIMKKFKITVKQAAHIGCWLS,0
526,0,SLLGVKENNKKSSTRAPSPTKRKDRSDEKSKD,0
527,0,DAVERQRRQKNS,0
528,0,SLEAKLRDSSDSELLRDILHKVRI,0
529,0,FSDNGFLMTEKTRTILFYPWEP,0
530,0,NKQQSEEDVLRLFQPF,0
531,0,MIICKALNSNLQGCVTENENDPITNIEPFFV,0
532,0,HERIL,0
533,0,AKPSAPVVSGPAVRATPEHTVSFTCESH,0
534,0,QPLRPNLVETSCPNIRMDPKL,0
535,0,RQLQKDLESVSRERDELQEG,0
536,0,EITQGFEETGDTLYAPYSTH,0
537,0,KLQRVVRQKE,0
538,0,TPPAPQPWYADQRFTL,0
539,0,RLKELREQLKELTKQYEKSENDLKALQSVGQIVGEV,0
540,0,FISSYSASVKGHTTGL,0
541,0,NYGYTFGSGTRLTVV,0
542,0,AKGKQAEVANQETKEDLPAENGE,0
543,0,NCPNPTADCKTAVNCSSDFDACLITKA,0
544,0,RFCSSAPFPKHKPSAKLSVRDALGAQNASGE,0
545,0,LSLQPCHDPVVTPDGYLYEREAILEYILHQKKEIA,0
546,0,SGTSGVDSL,0
547,0,ILGAASIGKGLGGMLFSRFGRSSTTQ,0
548,0,PVKKSIRDTPAKNAQKSNQNGKDS,0
549,0,INLKVAGQDGSVVQF,0
550,0,SSPGPPTRKLLAKNLAILYSIGDTF,0
551,0,EEEMTESQGTVTFKDVAIDFTQE,0
552,0,HRPWSLSHTGDGKPRYDTFWKHFIFVM,0
553,0,IYVNWLNMVRAGLLALEF,0
554,0,MDVLSPGQGNNTTSPPAPFETGGNTT,0
555,0,SSSLAYPPPPSYPSPKPATDPGLFPMIPDY,0
556,0,KGKKEKGPTPEEAIQKLKETEK,0
557,0,HEIRRLGEGHLSRFMALGLGLMVKS,0
558,0,GFSVKNNGQSGRPQVYSLTAAL,0
559,0,NVWRFPYLCQKNGGVVEPECEQSS,0
560,0,SVKYKGQHVPGSPFQFTV,0
561,0,ESYVKHFAI,0
562,0,VDFFVEH,0
563,0,SVLNLNCSLILLPMC,0
564,0,LQAQLCQDVLSSFQ,0
565,0,TNSKSRSGLEELVLSEMNSPSRTQTGD,0
566,0,LTDGAVTDVEATREAVVR,0
567,0,EDKPEGQSPVKAE,0
568,0,FQSEGTPVMIGGGVLAHT,0
569,0,AGDLPLPSNTPTFSIKTSPAK,0
570,0,MKEDPTVSALLTSEKDWQGFLE,0
571,0,GVFLWALV,0
572,0,IAVLILVAVVCL,0
573,0,LSREKSNLAHSLQVAQQQAEELRQ,0
574,0,GLSDCLWAWILLLSTLTGRSYGQP,0
575,0,QDVAMALITGVILLAVGVW,0
576,0,EMVQFNTDRISLYQDNTGR,0
577,0,SPPAEELDAPLTLQDAQGL,0
578,0,NYISFTGCFAQM,0
579,0,QACGKRFSRLDHLSSHFR,0
580,0,GPGGTFQGR,0
581,0,PTDGPEYSPTQFQEQR,0
582,0,ANVPSALPSLPAGSGC,0
583,0,SVSKKLKSV,0
584,0,RFSDEGGF,0
585,0,VTVTRTTITTTTTSSSGLG,0
586,0,KTDDDIEQLLEFMHQLPAFANMTMSVRRELCSVMI,0
587,0,HAKDSQRYKVDYESQS,0
588,0,ANVGLLFGVVCTIAIVIGRFPRAM,0
589,0,GAINPGPIGCIAPSPPASHYV,0
590,0,SILFAVLMEAIGVSWFYGVDRFSN,0
591,0,DYPFKPPKVAFTTKIYHPNI,0
592,0,PSDGELIRTQPQ,0
593,0,IITAESVSSGFWLGALRNSPGIFTLN,0
594,0,KTSNIFGLQRI,0
595,0,QSRCKCCWTRRAAVSWV,0
596,0,VESLEVTCRRADAGEKPKAFIHWVSQPLMCE,0
597,0,RMITSHCFPETQFIAVTAYQ,0
598,0,HNVKKRNFCNKIEDHFIDLP,0
599,0,WGNTLSFGADYPDELKCL,0
600,0,NNYPRLRELDRNELFEKA,0
601,0,GSVPVHAKTK,0
602,0,TRIQSMNYGTIKWF,0
603,0,GPVSNLCSL,0
604,0,EYINETHPGTVVTVLDLFDGRESL,0
605,0,LRYPVLMSRRVCWMI,0
606,0,QVVQIPV,0
607,0,SLSYT,0
608,0,MRRL,0
609,0,LPP,0
610,0,AKTK,0
611,0,SPEVL,0
612,0,DGKDP,0
613,0,RKDA,0
614,0,SPIH,0
615,0,TVVG,0
616,0,RGRG,0
617,0,SPPV,0
618,0,VLVD,0
619,0,GQLR,0
620,0,VAENQQGKSKAAHFVFRTSAQPT,0
621,0,SVRPM,0
622,0,SLYWYSNQMAEKADGFVNLPDFTVERASECKKKHAFKISHPQIKTFYF,0
623,0,PEEEIMQILSSWFPEEGYMGRIVLKTQQE,0
624,0,PSIGLAQTLEKLGFVVGRLKTGTPP,0
625,0,QPGKINLRTCDQCKHGWVAHALDKLSTQHL,0
626,0,MSAHMSGLEIMDEDQLIKDVLDKFLNCH,0
627,0,SNLYIAESTSGRGQCLK,0
628,0,LVRGVIPPEVGNVAVRL,0
629,0,EMMQPMAANYNVFLNSSKLAEW,0
630,0,DIKKQENEKDLEE,0
631,0,LSVSEILFT,0
632,0,LGDLHLLPL,0
633,0,SGKVHFALLGTW,0
634,0,ACTLGAYHPLLYEKLLVQRLNMGTQGD,0
635,0,GAWTGPGEWELRDAITSGLGSCSSGNL,0
636,0,FLPYQFFRIYYLNVVTHSNACNSKVAF,0
637,0,SPSTSSEGQAGLPSAPSLSF,0
638,0,IPRAA,0
639,0,RFFSGYGRLLEV,0
640,0,TRLELEGRGSPVPALPQ,0
641,0,DKLDYCASLK,0
642,0,EKMTLVASEDYGDTLAAIQGLLKKHEAF,0
643,0,IVKDPVSRTPALVFEHVNNTDFKQLYQTLTDYDIR,0
644,0,APKEQPPPLQPPQQSIRVKE,0
645,0,ATLYQGWGVSGPGLEHRGER,0
646,0,PKELVKEEENL,0
647,0,PKPTTVANNGMNNN,0
648,0,FPPTSIYHVFQSRKDCV,0
649,0,VLPEETQEE,0
650,0,VAHLARANPFNTPHL,0
651,0,ELLNQRWTHGG,0
652,0,LEKIKEEAKKESVKLLQ,0
653,0,EEEAESSISSTSNEQEP,0
654,0,GVYALMGGYFMNVLVNF,0
655,0,CVPLFHSHLALSVMLEV,0
656,0,NALYFDRKYLFANSKTY,0
657,0,KGKLGVPELRVGRLMNR,0
658,0,EYTVTRAEARNRQRKLG,0
659,0,LSRSRKGGIEGGAKLCS,0
660,0,GHSEERLWETCALLASF,0
661,0,MDVRGPEAPGGRALRDA,0
662,0,LLDGQSKTKGYAGTPGF,0
663,0,EVPEDSLEECAITCSNS,0
664,0,ASMTFAGFALKSGKNIV,0
665,0,KTARYWAQTPLPHGTHA,0
666,0,GYGFNLHSDKSRPGQYI,0
667,0,QAGIGGEPAAAGAGCSP,0
668,0,QAWFGFAGTPGYLSPEV,0
669,0,EMSQGSGLHQVSKRQQV,0
670,0,QRKSEKRRDPPNGPNLP,0
671,0,TPGYHGFPARDSQGNQE,0
672,0,IRQRSLSSLELFLSCAQKQ,0
673,0,EEKRKQKLREEEERLEAMMRR,0
674,0,NGLPRAPPAPVIPQLTVTAEEPD,0
675,0,SVCSTSSLYLQDLSAAASECIDPSV,0
676,0,FGLDVVEVDPTTHCYGLFIKLGLTY,0
677,0,PDAGGCLHADPDLGVLCPT,0
678,0,GAYSMDVITSTSFGVNIDSLN,0
679,0,VPLPRHLSERSEQNRRSEEAHRA,0
680,0,DCKLGADLLSEAVQKITGLKSISIH,0
681,0,LEPFLYFIVSQPSLLLSCHHRKQRV,0
682,0,SYNDGNQETLNGDATYSSLAAKGFR,0
683,0,ELNRRKYQALGRRCREIEQVPHESA,0
684,0,GLRGGRATRTLLRGGMS,0
685,0,HVVCSLSFSDSGALLCGVGKDHHGRTMVVAWGTGQVG,0
686,0,LHRLRHALAGDGPGEAAASPEAEQFPESSELEDDDAEGLSS,0
687,0,DGTITSSDPGLEILNMASCDLDRNSLCKKEEDTRSASPTIEAQGT,0
688,0,MVPAAGRRPPRVMRLLGWCCRGKWSLMVRGAACSPSP,0
689,0,QKTFQDTFKKILGLNFCTFHGRGFTRGSWGFLPFNRPITTV,0
690,0,LIPAFRGHFIAARLCGQDLNKTSRQQMNPVLCLHGAAGSVLYQCH,0
691,0,LEPGCHKHSVEVARRGSLPSHLQLADPQGSWQEQLAAPEEGE,0
692,0,ARKQQRLSDGCHDRRGD,0
693,0,GLAEGGPQRSNTYVIKL,0
694,0,GDMIFFHSYKNPGLVLD,0
695,0,SLEGFTRYMDSRECLLF,0
696,0,GHTGPVLDIDWCP,0
697,0,ATADKLKCQQEAEVTAVTISLANRLTPIPVTPALDPLR,0
698,0,PFLQVFNNSPDESSYYRHHFARQDLTQSLIMIQPILYS,0
699,0,DARGHCPQLAAYVHYAFRLPGTEPSLPDGAPPVTVQAA,0
700,0,CIYCIHALSLYLFKLGLAPQIQDLYGKVDFTEEEINNM,0
701,0,ILGDSVHRAVYKDLVLLLQKDRLLTPGQLRARGELNFE,0
702,0,PMGEEEINPQTEEVSIKEIAITHHVKEGHEKADPSQFE,0
703,0,SNMEIDMTYQLKVIQQSLEQEEAEHKATKARLADKNKI,0
704,0,RRPVRPHTVEKPVPSSSGGDAHVPHGSQVIRKLVMYTL,0
705,0,NSDEVKSSFEKRQEKMNEKIASLEKELLEKKPWQLQ,0
706,0,ERSGRFGGNPALALLLSSSNMVTLKMVLGDLQRLN,0
707,0,MDSNKYIEHLLTQLEEQHRSLWREKLAVARLQREVAQR,0
708,0,DQETGNITLMEK,0
709,0,GNEVDGLSRPQRPRPR,0
710,0,EEEEEEKEEQSTNSTL,0
711,0,TYNWKGIVRVEQKNNTFFDMN,0
712,0,RSKREKFH,0
713,0,TSSNNNSSSSSNSGWDQLSKT,0
714,0,LQLSADP,0
715,0,LRFHFMSPPPAQSMVQALELLYALGGLDKDCRL,0
716,0,LQGEYPPQLSYTELAAKSGGLALPYFNGTGTVQK,0
717,0,RALALNCFAPINDQEGAEAKDWRSGKPVRVVRNV,0
718,0,QSPRKVLQEVRRVLRPGGVLFFWEHVAEPYGSWA,0
719,0,HTEEEVRAPIPQKQEILVEPEPLFGVRQEQELRN,0
720,0,PARPCPICGGDHWRVDCPQRCRSLGPKPVSQVSN,0
721,0,IKCSHVEFGMWKGGRSHPFLPHSSRCAGSGGQLD,0
722,0,LVSVTGNPRHLHIL,0
723,0,INRAKETLKIDILH,0
724,0,NMSKIGYFYTDCLV,0
725,0,PRHLPGEDVKVAPA,0
726,0,PGGVDVSEVKEVYL,0
727,0,LWLNGGPGCSSLDG,0
728,0,TTSLATLTSFPDSML,0
729,0,GQCPMRVQKEVAGFVLNRLQYAIISEAWRL,0
730,0,AFPLAEWQPSDVDQRCLDRGSSEQQDTCSNPGPCSSPTG,0
731,0,VGDNPDDLLN,0
732,0,DSSQDLKQSEGSEE,0
733,0,CGQVFQACCVKSQE,0
734,0,PTPIPHNSS,0
735,0,ALWPRWLADKMLPLLGAVLL,0
736,0,RDVMLENYSNLVS,0
737,0,PFHLFRLLIQYH,0
738,0,NPFFSQPGAPILQCMGCC,0
739,0,YNLEQAYNKFCGKKVKEK,0
740,0,TPILTVLICLGLSLGPRTHV,0
741,0,RLSLGTGS,0
742,0,DSDLERVFVWDLDETIIVF,0
743,0,TYSGLRNRRAAVYVGSFSW,0
744,0,GPGEDGAQGEPAEPE,0
745,0,NRIDIVTLLEGPIFDYGNI,0
746,0,LENWLP,0
747,0,CQRSLS,0
748,0,GPADGYAAIAQ,0
749,0,SHSPGPVVAPGRVR,0
750,0,AQECQNLEVERQRRLE,0
751,0,SNHQKAHSFVNHYI,0
752,0,KEPVISSVHTKVKGIAEV,0
753,0,VGSSNFRGGLGGGYGGASGMGGITAVTVNQ,0
754,0,KQRPQATAEQIRLAQMISD,0
755,0,TEVYAGEWRADRRSGFGVSQRSNGLRYEGEWLGN,0
756,0,NLKHLCLP,0
757,0,ESTPEEVRLDPSDADFVD,0
758,0,EELQEAFNKIDIDNSGYVSDYELQDLFKE,0
759,0,LMDTARIAVVGAG,0
760,0,SVGHRCLGLLHGVAPWRSRCQKNPHC,0
761,0,LPDLPEQFSPPD,0
762,0,LRTYVFNIIFKTLFE,0
763,0,LERHLKIKTCTV,0
764,0,EEMQLLQVQSPSIKM,0
765,0,LRIRKSQHSVLSRKFVEVM,0
766,0,FPKTTEENPIFVVSRE,0
767,0,FLLSLPTPPSASGHERRQRP,0
768,0,AKVKFNVNRVDNM,0
769,0,PVDGFNEEVEGMVHGHCMCRHNTK,0
770,0,HTLYVGARDTIFALSL,0
771,0,PCLPLGSLMKTPDLE,0
772,0,PALCGPHMMFDEDRCECV,0
773,0,LWPPLKLFACSQISSLVR,0
774,0,FILKPTLKNFYTLVTERP,0
775,0,FGMPPAGTGMPMMPQQPV,0
776,0,TTDSVYTGGTEVMVPSFC,0
777,0,DEQEAAAESLSNLHLKEEKIKPDTNGLYK,0
778,0,ISAKSSPVIPLDGSVKIQCQAIREAYLTQ,0
779,0,KAGKNLRQMSKDYQQV,0
780,0,SFGQPRPEDNQSVVRR,0
781,0,DDEVFERGLNALVQLS,0
782,0,LSEDTIAGLSVHVLCRTRLK,0
783,0,DEDLAGAVGGLGWNSR,0
784,0,PKVASPLSPTSLTHTS,0
785,0,EGQINGRRGLFPDNFV,0
786,0,SVLGRYDGNVYENLFEWAKN,0
787,0,KTAEYDVAYGESHLFR,0
788,0,GEIECDASIMDGKSLN,0
789,0,IQVLEASNKDWWWGRS,0
791,0,LDHKDLEAEIHPLKNEERKSQENLGNPSKNEDNVKSAPPQSR,0
792,0,ENETERISGNNKVP,0
793,0,YLNTARTLELYGVE,0
794,0,FFLTVPAVLTITF,0
795,0,YFAKPRNQGGYGG,0
796,0,LSVRRFGLQ,0
797,0,CSICLYLPQEQLTHWA,0
798,0,CSLFPETSAEAMEVRFF,0
799,0,ETTPSDTAETFVLPFNASPPFPD,0
800,0,CVCRKRDNTNEIYSGKFCECDNFN,0
801,0,SKSTIRPKNDVTNH,0
802,0,KIENLDPRGIQLSALFMS,0
803,0,GRRL,0
804,0,TEEKKKLIRD,0
805,0,SVYRPRLSKPEEPP,0
806,0,RLMKKLPCGDRHCSPDHM,0
807,0,ASPQQACCLCSQASCGPESSGSEL,0
808,0,YTSSKKRKRRFTESIKKAHGFRKLKIWLKLRVSNQSPDDIYIA,0
809,0,EEEEEVESLKSIRKYLTSNVAY,0
810,0,MKV,0
811,0,IMRSMTYIHMLLQTYKK,0
812,0,APAPQEVNSELPPLT,0
813,0,RKKLSWANQARP,0
814,0,PAPPRHHGPPGPTFF,0
815,0,YRHIDCAAIYGNEPEIG,0
816,0,LNAFDVQASPNEGFVN,0
817,0,TLQCVSDVGYDRFVLYKEGERDF,0
818,0,LVDTGGPWAR,0
819,0,QQDGSSFALEQLKVINKMSPT,0
820,0,ASEPELLNRSLSMWHG,0
821,0,SRTAGAMMQFTAPIP,0
822,0,FQSCESCSNSDRAENENGSRCFSE,0
823,0,GHYVHAGNI,0
824,0,KPNKYGVIYS,0
825,0,VIGGGLMGAGI,0
826,0,FRVQNISRLQEG,0
827,0,IAVRIYQQKRLY,0
828,0,KKAQASLNAGLD,0
829,0,MELHLIHYSYG,0
830,0,RHRVTGMRLLTALMT,0
831,0,RFKEQLTPSQIMSLE,0
832,0,MVGTKLRQDIGFSLA,0
833,0,LYTWRSCSRAIPQVK,0
834,0,GAQQEPVKKSIQESE,0
835,0,QHANAERPTVARISS,0
836,0,MYFKHVLFEDTFFDE,0
837,0,SEAKSENRKKSFEKT,0
838,0,CIRKVSFCRPGWSVV,0
839,0,QKPYKCSECGKSFSE,0
840,0,KKVSLVML,0
841,0,DHLIAAAKE,0
842,0,QSMCKPITGT,0
843,0,CVALVIVFLPG,0
844,0,YTEDEIYELSYA,0
845,0,YLRIHPQSWVHQIALRME,0
846,0,LDVRSLGAVE,0
847,0,RFALKQEGHSRRDMFEILTRYAFPLAHSLGVG,0
848,0,VYRKEDGETTFTGRLDKLHFPFFSFPVFLYMRFVNTHFLRAG,0
849,0,ARKLVMFRDVAIDFSQEEWEC,0
850,0,AVLGGDKESTRKRPRREAPGN,0
851,0,DLQPSGLWKLYSLMTSTPA,0
852,0,MLFPTSAQESSRGLPDA,0
853,0,IVQCCLYERGGQRVSWPAI,0
854,0,GSLQMQYQQSMQLEERAEQ,0
855,0,GRGKELWLESLACLPGAVK,0
856,0,IKTWRPRYFLLKSDGSFIG,0
857,0,EQMNPKEKLKPFQRSG,0
858,0,VQSQPPRVREQRPRE,0
859,0,VLKVFVGSPCGLNLRN,0
860,0,QPKQICK,0
861,0,LSDLQTNMANLILDQKGTLS,0
862,0,EKGKDAFPVAGQ,0
863,0,LVWTSGISALDGEF,0
864,0,LVAGNYLIVITKKI,0
865,0,LYLHGIEDSEAGSA,0
866,0,DHLAAFDGASEEAP,0
867,0,ETADSTICHILNLYRR,0
868,0,GRQGWVSSSLTLKVT,0
869,0,GHQGMELFVQRPEFHALRAGFALD,0
870,0,AVYERELQTF,0
871,0,FLAFLEKQGKIDEDNLTCLEDLCK,0
872,0,SGKKKKDVHADRVGPET,0
873,0,PRRLRRSNYFRLPPCENVDL,0
874,0,FAAALGPLS,0
875,0,WQKFCIKDDSVL,0
876,0,AASWFGAVVTLGAAAGGVLGGWLVDR,0
877,0,VLDQMRSFGMTPVLPAFAGHVPEAVTRVFPQVN,0
878,0,GTIPFPEGMGGSVYFSYPDSNGMPVWQLL,0
879,0,FEGAPGQQGPFGMPGMPGQSMRVGY,0
880,0,MDQSGMEIPVTLIIKAPN,0
881,0,ALLYFTGSAHFNRSMRALAKTKGMSLS,0
882,0,VLKWLYHLYIKTPRKMFRHTDSLFP,0
883,0,AAAVMQAAANSAQSRPPYIRSPAYP,0
884,0,PGPTLLAFVE,0
885,0,HEESRLLQLLNK,0
886,0,QLPENHTAFS,0
887,0,KPRLDYSEFF,0
888,0,FLPTDSSHYF,0
889,0,VFISPLIVRE,0
890,0,TRKTPGVCGL,0
891,0,PKPPTDGSTS,0
892,0,DKEERACLQQ,0
893,0,ELIRAIIN,0
894,0,ERKMINDKMH,0
895,0,QPTNCMALL,0
896,0,SKSSWRNGR,0
897,0,EMKNEAET,0
898,0,LEVREKL,0
899,0,YNWDSC,0
900,0,FQASVS,0
901,0,DPMEPPRFKINKKIP,0
902,0,GRLPADQRRGYKNVF,0
903,0,CLGAEDDKKAFIEDF,0
904,0,RRLNHFRVCSDITLY,0
905,0,IMPPAMADILDIWAV,0
906,0,NLFRHPNGQIVQLLP,0
907,0,QSEEIPEVTSEPVKG,0
908,0,GASRTFFPQQRSQSE,0
909,0,LMKLLKEEELKQGVS,0
910,0,DGSLKRTIIGWSAQE,0
911,0,GPVRSEDESVEAKRE,0
912,0,ARVVGQQGRGRAGIEASLDVQYLMSAGANISTWVYSSP,0
913,0,WQDLVASGVVEYIDTLEEET,0
914,0,EKTPNSTLPPAGRPS,0
915,0,HELFKEAN,0
916,0,LTKTE,0
917,0,KCSKHFHRLYHNTRDCTIPAYYKRCARLLTRLAV,0
918,0,HEHKGLSPLP,0
919,0,GFLSARQTGLEDPLRLRRAEST,0
920,0,GPAASPQRLRGLLLL,0
921,0,IVHEALYFLFCLPGF,0
922,0,LGLLVIVGLHQLLESRKRKRPIQKVEMGTSSQN,0
923,0,KTYVKSKRNTDVMHHYWVEGNCPTKCDKC,0
924,0,ATPATEAGFEDEAKTSARDAALAYHRLHQ,0
925,0,PNVNASTEETEMASAVDLPVTLTETEANF,0
926,0,WNMCWPCMIVEFSRYLSQMRNLRKLFISD,0
927,0,PARQKVMVKGGTLKDFHEITFF,0
928,0,DEATNPISRVLNGNQQVVDTSL,0
929,0,WQNRTMENLVELHNKAPVWNSD,0
930,0,HSFNTRMSSFDASLPDMN,0
931,0,AKGKGLFATQLIRKG,0
932,0,ESVGLGYLKTHAIEF,0
933,0,MTTLTRQDLNFGQVV,0
934,0,DDFLGGAECSL,0
935,0,EMGVIPSKRRVERKERARLKTVKFNAKP,0
936,0,LVTIYRSFKRVGASYEWQSRDTPIL,0
937,0,LTGEGEDTRLSASEMKQLI,0
938,0,KVGALRRDTVICCCRH,0
939,0,IRPHKCSVCSKAFVN,0
940,0,GFYPAPYNITPNRM,0
941,0,VFGWAVFLASRSL,0
942,0,QSANRWKDH,0
943,0,GRMDRGNS,0
944,0,AVRAPGFGRSGGHSLSPEENEFAEEEPV,0
945,0,EAKFEDDITYWLNRDRNGHEYYGDYYQ,0
946,0,WDFWSLRPESLHQVSFLFSDRGIPDGHR,0
947,0,QPWADFTLLGARAPGTYSCYYHTPS,0
948,0,YTNNVVRCDIRYTGHHAYASGCTIS,0
949,0,IKRVQNLLGHYLIHGFRVRPEPN,0
950,0,PSRARNSGTQSDGEALGP,0
951,0,PSSPSPLTPSFLCTCLPG,0
952,0,LPSDGSAVDVH,0
953,0,AVYSLEEQYLGLALDVDRIKKDQEEEEDQGPPCPRL,0
954,0,QNCPIDVRRPLYKMEQ,0
955,0,HDVIRISQCKCTASDIKR,0
956,0,FELKFLEETNCLYAAEGQRLMQE,0
957,0,RGVPLQSQTAMFLPPT,0
958,0,PLPKIDLI,0
959,0,WKKTTAG,0
960,0,KRKRDSDA,0
961,0,TAKGERG,0
962,0,SVYVVLDLM,0
963,0,ASVDAEKSM,0
964,0,FSVYGNIVY,0
965,0,AAAAPAGGK,0
966,0,NGKETLQRA,0
967,0,SEGSTQTYA,0
968,0,DQAVLALYA,0
969,0,SSSTRCPQK,0
970,0,KIVWLKLLI,0
971,0,CWRIGRWIR,0
972,0,DGLSVSSSSTGSL,0
973,0,TALFIYIRPKAS,0
974,0,KEQMLTMLPKE,0
975,0,SQGGNPPPSTP,0
976,0,SAKMLGGVFKIDWI,0
977,0,WKQNEFRDDACRKE,0
978,0,TLELLSQVDMDCRVHMR,0
979,0,DFYY,0
980,0,FFVRTGPEEPREKASR,0
981,0,TFKAELDAEHAQKVLEMEHTQQMKLKE,0
982,0,QPGLLPTPNLFQLPQQTQGALLTSQP,0
983,0,SLSPEPTHLLSSLSSFQPKIFTQLQGL,0
984,0,GLVTEVNLNNMLCPAISDPFYGPWYRI,0
985,0,ESNLQGCHQSLLGGDMDMGNPGTL,0
986,0,EMFGDEEVMCLNGNWTEP,0
987,0,VFGAEKSPDDPRPHGAERDRLLRKE,0
988,0,NTKARTSASIILRGANDFMCD,0
989,0,SILELEELLRAGKSSCSRVDE,0
990,0,ADSMLSRKLTSQECPVKKEK,0
991,0,GSEPAVAEASGSSALYGCF,0
992,0,QACRFGQVPDQPAGLRLFT,0
993,0,FPDFYLHLGGDEVDFTCWKSNPEIQDF,0
994,0,SLTASEGESTTAHFFLGAGDEGLGTRGIGM,0
995,0,GKVRAKAKSRSSRAGLQF,0
996,0,PPRPAELSDEEVAELFQR,0
997,0,MSGMGENT,0
998,0,RKAKRPLRGSSSQKAGET,0
999,0,AVAVKAAQELQEGQRCVV,0
1000,0,HPEYNRPLLANDLMLIKL,0
1001,0,GKIEGFEVLKKVKTLCLR,0
1002,0,KDALQWSRHPATVEGEEP,0
1003,0,IKVEQAEFSELNLVAHAD,0
1004,0,HIQLWEIIISLIIPSTFE,0
1005,0,MTVAETITALMFPFQWQH,0
1006,0,SGHGYEVLDAAGSFDNSS,0
1007,0,LAIAGMNTIAKTTPHTKF,0
1008,0,RSHMPYTDAVVHEIQR,0
1009,0,ARLQGPSTLFQFPT,0
1010,0,WGFTLVAQAGVQWC,0
1011,0,PAVAPSQLIAASTSLVQE,0
1012,0,EEFKKIYGNFFPYGDASK,0
1013,0,MYTSHEDIGYDFEDGPKD,0
1014,0,TFKMALNQFSDMSFAEIK,0
1015,0,VAEFLAVTAEDLSSPAGA,0
1016,0,LAPNHVHEVCLHQVESIS,0
1017,0,QLPLNVYLALYAYKPQKS,0
1018,0,VLLSMMAFDRYVAICNPL,0
1019,0,SKKRNWNLYPACLREMSR,0
1020,0,LQERAGVKMILIQDGS,0
1021,0,AISRPFISVKFINKIQ,0
1022,0,FELELSWVGELTNGR,0
1023,0,ERELEECQRNHEGD,0
1024,0,PHIHTPPLGYGAV,0
1025,0,QMGNPQVRETSC,0
1026,0,LRLTRSSDLKR,0
1027,0,PKLKKQLGPG,0
1028,0,LVLKQDSPY,0
1029,0,GRGSSGVG,0
1030,0,SIPQHH,0
1031,0,ETDYTCSKQKHRSNT,0
1032,0,SHGSPRRPGPEPGA,0
1033,0,LQSTHPAFVLAWK,0
1034,0,PPGEPGRPGPPG,0
1035,0,ICTTSRCHPCP,0
1036,0,ALIEKVGIKD,0
1037,0,QALGWDSVQ,0
1038,0,EEEERWRM,0
1039,0,AEQHKRV,0
1040,0,MSLVNP,0
1041,0,STAPLYSGVHNWTSSD,0
1042,0,TLQANNTSEDRPQDTK,0
1043,0,CHPGFGPLGVELRKNL,0
1044,0,RGRSLHPVIYHLGQLA,0
1045,0,RTFCLIFGLGAVWGLG,0
1046,0,NMSNTCLKSTGELVVQ,0
1047,0,QLKKYDDDISPSEDKD,0
1048,0,QQLHSGKISHTCNEYR,0
1049,0,VIITSSLPHICSFVMY,0
1050,0,EKEATFSNPKTTSPNK,0
1051,0,AIAQVPRPGTSLKLPG,0
1052,0,NIPHGQCVICLYGFQE,0
1053,0,GPFIRVVFLNHSQCTQ,0
1054,0,RRAQRQAAEEQKTSGI,0
1055,0,MEYRLSQACMRGHDFH,0
1056,0,GAASRPSWPGRNSAGK,0
1057,0,ELATALLLLLLSLCEAPA,0
1058,0,TFACVSDPKAAKDLIE,0
1059,0,PLLHNFHS,0
1060,0,GMAALKLGSTEVA,0
1061,0,QRITWKGLLLTGHSLD,0
1062,0,EASPEEEIYPYIR,0
1063,0,DGEYGLGCLVGG,0
1064,0,QLMENIGAIQV,0
1065,0,DTPRMVLVRN,0
1066,0,HQLASMQVQ,0
1067,0,SCIQSFALPIRM,0
1068,0,KKKISTVVSSK,0
1069,0,VEPRMEFPSC,0
1070,0,AINSLQFSSSKG,0
1071,0,DIPRSVQNFRF,0
1072,0,SWYLTWKYKL,0
1073,0,TPPRRVRLKP,0
1074,0,APFKDEFHSR,0
1075,0,SLAAVQASLS,0
1076,0,SQAKPSACDG,0
1077,0,ELFDVILDEN,0
1078,0,SSLPTNISGG,0
1079,0,SLWLRKEFMQ,0
1080,0,QRLKLWVCCL,0
1081,0,CHFTWNLLKE,0
1082,0,IRKWLFTTEE,0
1083,0,RDYDVEWGYAF,0
1084,0,KEEGPEPWPGGPDP,0
1085,0,VKDIIDSK,0
1086,0,KEAEMEEHREHIK,0
1087,0,VSDQHSLYPLLEA,0
1088,0,LCGALAGPIIVEP,0
1089,0,GKLRYVANIFPYK,0
1090,0,GKTTLLNYILTEQ,0
1091,0,SNVQETLVAACQL,0
1092,0,DLLHHHHVSGSRR,0
1093,0,SLKHACHRLILQF,0
1094,0,VYLENWLPVSYVP,0
1095,0,SYAYILEAFGGFIAFI,0
1096,0,VISGAVFLIILFCFIPF,0
1097,0,KDKRKKLRETFERIL,0
1098,0,ASVVLPSGSQCAAAAAA,0
1099,0,RPEFAESTYFLYKATGDP,0
1100,0,EGVYGFLIEDIRKEVNRAS,0
1101,0,HTEGRNDTNSTRALKVPDG,0
1102,0,HRMPGYETMKNKDT,0
1103,0,HRKPSLLAHPGRLVKS,0
1104,0,RAVMRNTVYAVKRLKENADLEW,0
1105,0,GTRPQ,0
1106,0,VPPLF,0
1107,0,LRELL,0
1108,0,MFLDQ,0
1109,0,MVGKA,0
1110,0,LKRES,0
1111,0,LFPQG,0
1112,0,KAISD,0
1113,0,RMDEA,0
1114,0,YRENS,0
1115,0,CLMLY,0
1116,0,EQNTT,0
1117,0,FPQYF,0
1118,0,SASDD,0
1119,0,LWTLI,0
1120,0,AGKPA,0
1121,0,LAEQR,0
1122,0,EPGGG,0
1123,0,VNVQSLDEAIEFINRREKPL,0
1124,0,TARLASLMNLGMSSSLNQQG,0
1125,0,QQTQKVFLFIRNRTLQLWLD,0
1126,0,CRPLKGEPGVGFEEPGENCA,0
1127,0,TEEQEAAVSSSSPLVPGTLE,0
1128,0,FRSRRGPGVPSPQPDVTMLSR,0
1129,0,SYVGEVVRAMDKKKVLVKVHPE,0
1130,0,ASPRPPPRKDPEASKASPLPFE,0
1131,0,QCKWVMGSILLLVSFVLSSGGLL,0
1132,0,LTSLDVGFNTISKLEPELCQKLPMLK,0
1133,0,SSRCVTAGTSCLISGWGSTSSPQLRLPHTLRCAN,0
1134,0,VGMGYSQEEIQESLSKMKYDEITATYL,0
1135,0,INITKEENSAFKNQDQQRKSNVSRSFYHGPSR,0
1136,0,TIEPLKQLENLKSLDLFNCEVTNLNDYGEN,0
1137,0,YENVQVPAVLGVPSSLASSVLGDKAAV,0
1138,0,RLTHLHLPPLKIVTIHECDSGE,0
1139,0,TMEEYMLAYHLKLSIWCPVKQR,0
1140,0,ESYYCRCHRGYTLDPNGKTCSR,0
1141,0,SQWEGPPRLGCIF,0
1142,0,SELKAELERKKQRLAQIREEKK,0
1143,0,TLLVFGVWILYILKLNYTTEEC,0
1144,0,ILIPPESLQQPAKFDEAEQVWVW,0
1145,0,GRYMALAERRDCKDYVSIFVCSDWQLLR,0
1146,0,SPFLELWQSKAVSIR,0
1147,0,NLLNLDHDMVSPAVF,0
1148,0,RQRLSDLYHRLHARL,0
1149,0,TTAAYLRIHAVKDHG,0
1150,0,LLKNPEALAAVRGEL,0
1151,0,RKTQKIVIKKREPLN,0
1152,0,QDYWKQLRCLDERFT,0
1153,0,LGCQAGASRCWCWSV,0
1154,0,PGPCAALVLPQTWLL,0
1155,0,GTLLQDLTNNITLED,0
1156,0,SDGKAPPASTSARIG,0
1157,0,TELCFQRCVPSLHHR,0
1158,0,RLQELDAASKVTEQE,0
1159,0,EPTKLADVYQAELRE,0
1160,0,TVAEINATMSVHLPF,0
1161,0,VIIIEPFFDCYEPMT,0
1162,0,FMLALSLQNEGQASS,0
1163,0,VITVILGCLKIGYFI,0
1164,0,TIFSPEGRLYQVAWT,0
1165,0,STESFLPAQSESISL,0
1166,0,KEIKNIRAFYYAMCA,0
1167,0,NDWSMWKVFLACLLA,0
1168,0,SPYGQREFVAGFVQF,0
1169,0,EFLQKFERNFIAQGV,0
1170,0,LEGMPQDTYSQQLHS,0
1171,0,SKTVVYRTSQGTSFT,0
1172,0,FLNPRAFPEERYYSH,0
1173,0,QIPVIAVSVTVGVIL,0
1174,0,SEESRMRIAAHHMMR,0
1175,0,QNDQKLEKLMVQ,0
1176,0,PIQPVGKFLCVKLVVFVS,0
1177,0,FNNKTICDSSVSTHDLKV,0
1178,0,GMNQVLDVPLTVKIRTGV,0
1179,0,EALEFQLHLHYHSKPGPT,0
1180,0,EGYNATVFAYGQTGSGKT,0
1181,0,GTKSGNEIFSRVEKSLKN,0
1182,0,LLGTMAGGAADCSFWERL,0
1183,0,NIVRKRNDEICMLRGLSR,0
1184,0,RQFKEEKLAEQLKQAEEL,0
1185,0,PPALAAAWLRRCERRGGRP,0
1186,0,RVSDPKFHPLHSKIIIIK,0
1187,0,GGEQAAAWLATRHLRPYC,0
1188,0,VWHPANPAEKIIRVLFPG,0
1189,0,TQSRLMLLESVLIFFNLL,0
1190,0,KSYGVENRAYSQEEITQG,0
1191,0,DPMIDNNRYCTLEFPVEV,0
1192,0,IDFSYLLSKREGQAGSPE,0
1193,0,SMADFLL,0
1194,0,CGRALGRWGRTQLLA,0
1195,0,REEFPTDLKPEEVAQEA,0
1196,0,EEAERSERNTFAERLSAVEA,0
1197,0,DVSCKRFLDQLVGFFNFY,0
1198,0,PEGGGQWLNSSCAWSE,0
1199,0,LHCFSDDFTAVRRA,0
1200,0,TKKSLESINSRL,0
1201,0,LNALWSASRT,0
1202,0,GHIEASGRGLCPPCSLAAAHEMPADLV,0
1203,0,VDRYSTPASLLAAYDACATPKE,0
1204,0,LQAFEKWKEKKMEYLK,0
1205,0,GRRLVLSSTFRILADLLGFAGPL,0
1206,0,LHESIRYWEQEVSELKKDLAIL,0
1207,0,SVNLRDVYARSIMEML,0
1208,0,CQPTCCRPTCCETTCC,0
1209,0,KRELMPCDFPGCGRIF,0
1210,0,VGALYAVGGMDAMKGT,0
1211,0,EAGKEPAEGGGGDGSH,0
1212,0,ATARLWPLSMPKPLG,0
1213,0,VEAVLQLQDCSIFIKIIDRIHGTEEGQQI,0
1214,0,NSSLSTKQSMFPWSGLIYIHCDDGQKK,0
1215,0,PEPAKSAPAPKKGSKKAVTKAQKKDGR,0
1216,0,KEFDHPHVAKLVGVSLRSRAKGRLPI,0
1217,0,SGETWMRQVISFDKLKLTNNELDDQ,0
1218,0,NHQEQREHYKLDWHRFNLKQRLKDK,0
1219,0,VFENNDLIRAKQE,0
1220,0,SDQVKKRKKKRKDYQPNYFLSIPITNKEIIKGIKILQ,0
1221,0,RGNRSPVPDVEDPATEEPGESFCDKVMRWF,0
1222,0,SDCLIKTVRSEGYFGAAVNLTLVTPEK,0
1223,0,EAFPKPEHQQWIYMNRTFTDKWE,0
1224,0,RSYECGESSKVFKYNSSLI,0
1225,0,CIYPAYLNNKKT,0
1226,0,YDELLKYYELH,0
1227,0,CEEVQWCGFS,0
1228,0,EYSISLRHNS,0
1229,0,SPTNSAITQLRNKLENGKPLSM,0
1230,0,ILNDVQRHLHSDVM,0
1231,0,LFAKRAYREL,0
1232,0,PEATFKLICF,0
1233,0,SSTGSYSINFVQNPN,0
1234,0,AIAAVFHTLIA,0
1235,0,LLSEKKISSIQS,0
1236,0,FSDEVEPATPEEGEPAT,0
1237,0,TSGDLDNVLEDFSI,0
1238,0,LSQALQELFQKARE,0
1239,0,IIKKPEYDLE,0
1240,0,AGLGRLAKQKPKKRRRPDSRQY,0
1241,0,DCICLMALDKPQAVPVD,0
1242,0,TLQGPVSFKDVAVDF,0
1243,0,IKTKGKRAP,0
1244,0,SSSSSGVLMVG,0
1245,0,YQCMEVLLRE,0
1246,0,QDGRMAAQ,0
1247,0,RVILLSGTP,0
1248,0,LPFQKQVRAIDLTKAF,0
1249,0,IRKATKYLKDVT,0
1250,0,KIWEFKGKLEQHLTGRR,0
1251,0,VKELAYQVGDRVSLGSGPGAGP,0
1252,0,RWVDIALECERYLAPKGFGGVQ,0
1253,0,CYVILHVPQSPKA,0
1254,0,PCQACGKRFSRLD,0
1255,0,WYRGKWIRVERSR,0
1256,0,DTERQDFHQWAIH,0
1257,0,IPRKPFAEYIYKRIKQRDRVKKSEERRLPFPSQPNIV,0
1258,0,KVVAECTLKESAAINQILGRRWHALSREEQAKYYELA,0
1259,0,RVPYSQEVCPPRHERCCHVPDRQRC,0
1260,0,DPLVSLFYAVVTPILN,0
1261,0,EDTRSHGVLLGRFQ,0
1262,0,LLTCTYLAAP,0
1263,0,YVLRAIGTDE,0
1264,0,SFVRAHDSAGEGSLGSS,0
1265,0,LGDLRSSSPGPTGQP,0
1266,0,CGKGFTEKSHLNVHRRTHTGE,0
1267,0,RRRLYPPSQTWPTGQLPGNCT,0
1268,0,MRILREVREPKRIFFGPVS,0
1269,0,PACQNLQPEWESFAEWGEDLEVNI,0
1270,0,GSGTDFTLTISSLQPEDFAT,0
1271,0,DDDLQKSVDMIMDMFCPPGIKIDAYPWL,0
1272,0,ADSGEKVSLGVTVLLALTVFQLLLAESMPP,0
1273,0,QRLHHHLFLAGLQQQRSVEPMRLS,0
1274,0,SCGSSSGGCCSSGGGGCCL,0
1275,0,CAPRLLVKGSKPSQQGRYNMTY,0
1276,0,NLFFMASWMKHSG,0
1277,0,LDADAVLTNLQTLRIL,0
1278,0,EGVPRFYIRILADLEDYLN,0
1279,0,LGGEVSCLVA,0
1280,0,KNPLGLIVALGENNTAKGDFFW,0
1281,0,PQLQLPLSRRRRYSDPDRRPS,0
1282,0,GYSHCVDVYIKQCQE,0
1283,0,VPSSALSEVSLRLLCHDDID,0
1284,0,GATNPADAPPGTIRGDFCIEVGKNLIHGSDSVES,0
1285,0,LGKTVYTGIDHHWKEAVFATCGQQVDIWDEQRTN,0
1286,0,PVPMGMPPMSKP,0
1287,0,KKMFLTPEQIEK,0
1288,0,SICDLPVHSNKEWSQHIN,0
1289,0,YALVQVTVHRDTLASLPWRLQTALEEHL,0
1290,0,ASQARDLLSKMLV,0
1291,0,DNLRHFAKKLDPRREGGDQR,0
1292,0,APSVCLGLQQGAPHEAAAEN,0
1293,0,DGGLQLRPATDLLLAWNPIC,0
1294,0,DIKTLIIATTMGFISFLGVVLF,0
1295,0,QNQKEGRCSH,0
1296,0,NIAEVFKTMENKP,0
1297,0,ARM,0
1298,0,KQRRP,0
1299,0,MACGFRRA,0
1300,0,LRALYQLG,0
1301,0,HSALHLAAKNSHH,0
1302,0,NSSVKLKYSDVQT,0
1303,0,GVLTGMNETSAVI,0
1304,0,PRAHQNLWQA,0
1305,0,LSCGDNSR,0
1306,0,PGMFPFKDKFG,0
1307,0,LLWVLLL,0
1308,0,SRSKRRHR,0
1309,0,WLGLGVG,0
1310,0,RGFPGADGVAGPKGPAGERGS,0
1311,0,LSEVLELLSAPELKSLAK,0
1312,0,LLFKNGSTEIYGECG,0
1313,0,FGPIMTFDRFHA,0
1314,0,KLQLWDTAGQERF,0
1315,0,ALTYCDLHKIHRDDL,0
1316,0,FDAVGFTFPNRLLTTKEAPDGCP,0
1317,0,AMALLFYTVFMFVIVLS,0
1318,0,PTDGGTSAEAMQVPLE,0
1319,0,VSLCHPGWTAV,0
1320,0,FIVELRQLSRVNHPN,0
1321,0,PPTADLFTGVLPNGYN,0
1322,0,PSGQHGEIPSLLKYKK,0
1323,0,GNALAGAVNQHGGFEPALG,0
1324,0,LQASTQSLAEVLQQLG,0
1325,0,GGLGEELDSEDAPPCCR,0
1326,0,LRRLKVQDQMTKQHQTRLDIISEDISEL,0
1327,0,CIPPRTFDGLKSLRLLSLHGNDISVVPE,0
1328,0,HQLRVHCSALGHPVVGDLTYGEVSGREDRP,0
1329,0,MRALKELDEGKIFKNWGTQTEKEDTSNINPRQTETSVN,0
1330,0,QRLFLEYGFVSVHNPH,0
1331,0,QKLDPLEQAKVDLVSAYTLNSMF,0
1332,0,KFLLCMKRENPYARGKPLEYDGNG,0
1333,0,TRSGKVFPTGPSDWRI,0
1334,0,FLLPPEPDYSLLLTFIYNGRVVGEAQVQSLDCRLVAEPSGSESSMEQVLFPKPGPLEPTQ,0
1335,0,PKERGDFNHERGERKVCRFKLEWLGNCSGLNDETYGYKEGKPCIIIKLNRVLGFKPKPPKN,0
1336,0,PQQEEENTIFKAW,0
1337,0,ARWRDQEEKRGPQMFMDCSPQALPIAS,0
1338,0,YLPSVSSAIG,0
1339,0,PPLHRIGTA,0
1340,0,AQEWTYQVGQHL,0
1341,0,RLVQRRQDDIKDESSEFSSHSSQSILK,0
1342,0,EKLKWAFNLYDIN,0
1343,0,ERTDIR,0
1344,0,GCGFPSPSSSRL,0
1345,0,SPAGYYLKESRGSRRWLL,0
1346,0,TGFPPP,0
1347,0,LSQTPQPQRVSG,0
1348,0,KTPKLERGDGGKEVRERA,0
1349,0,RAQELR,0
1350,0,LEEIPKNAAYRK,0
1351,0,LICSASLDYVIMWNLDEC,0
1352,0,PFGGGMENMGRFGSGM,0
1353,0,HSGELLATGDKGGRVVIFQQE,0
1354,0,PPPEPSPSQKVSLKDRVFSSPRGVAA,0
1355,0,SDPLPSQGSEFTPQFP,0
1356,0,VAGGPG,0
1357,0,PIKLLQQP,0
1358,0,SVSGAPGQRVTISC,0
1359,0,LRGQPIYIQFSNHK,0
1360,0,LFPDRVKRNILAMGEK,0
1361,0,VWCGSFQVTTGLQVPSA,0
1362,0,KALDYIASKGVKLVSIGAEEIVDGNVKMTLGMIW,0
1363,0,EMGAGICLLIIIQA,0
1364,0,ELEASEEAASLEA,0
1365,0,RLENVWLPLFLAS,0
1366,0,HLRNLAVAMCSRYPGR,0
1367,0,IADLKAARQLASEITSKGASLYDLLGMEVELREMRTEAIAR,0
1368,0,LDTPAMRHVKEAQNHISMVGSNQIIL,0
1369,0,SEFSDTLFSTLSSHQPVAWPNPREIAH,0
1370,0,RSLQDLARIAIRGTIKKIIHQET,0
1371,0,IILAQKNMLDRFEKTNEMLLNFNNLSSARL,0
1372,0,GRQSRNLKPDRRHTDRDYSL,0
1373,0,PRGGQEAAPQSHGLAHAPPH,0
1374,0,LEHSICLLSLTDSSLSDDRLNHL,0
1375,0,LQSEAAYCCVSELGELG,0
1376,0,DHVSDSFLETNVPLLVLIE,0
1377,0,KAGCQLLTVHG,0
1378,0,LLTLFRAGHDQVPEE,0
1379,0,PSEKIWRPDLVLYNN,0
1380,0,CPSCKTIYGEKTG,0
1381,0,LWCSRRDGGLQLRPAT,0
1382,0,ALVKDVFAFQVLPIIV,0
1383,0,PLRTLGPVMYGKLPRL,0
1384,0,QGGSEKLVFGKGTKLT,0
1385,0,KRKVMPKMDQITSHEG,0
1386,0,GSVTPSSFGGKSAAFG,0
1387,0,VAKLNPPPEALAAKLE,0
1388,0,FLNTFTHLSQEDHVSK,0
1389,0,NSLITAPGEFSADAGI,0
1390,0,TIPFSVQEHLQQQDSR,0
1391,0,VHGSAKFYISDLWKVT,0
1392,0,GRGARRSGEGWCPGAF,0
1393,0,LAFLPIFYVTSSD,0
1394,0,MLFNVGFQEAMK,0
1395,0,PRPPQSSSVS,0
1396,0,LSAKHQRQVYLQIRSSVI,0
1397,0,AVALRGLGGRFRWRTQAV,0
1398,0,VKALRGEIAPLKENVSH,0
1399,0,APPSSQDKIPQQNSESAM,0
1400,0,HLPYLIKWARYTLFIVLY,0
1401,0,KGLQKEDGSFAGDI,0
1402,0,VPAFLQDEVSGSVMS,0
1403,0,GRGGPAQQQRGR,0
1404,0,RWNQLDLAIV,0
1405,0,VVVGDNAVGKTRLICA,0
1406,0,KDYIDYIQTSCWKEKQQ,0
1407,0,KLDFNWVTR,0
1408,0,ICSFKDRC,0
1409,0,CQLPGLLAN,0
1410,0,IIYNGGN,0
1411,0,KRTAVR,0
1412,0,KMLMKWKE,0
1413,0,GIASGLGMQ,0
1414,0,PEPPTLKPI,0
1415,0,SHNEHAPAS,0
1416,0,THYKQYPPN,0
1417,0,ALAVISYVT,0
1418,0,FQIDRTIDL,0
1419,0,TTKGKEDVH,0
1420,0,YELQVRGFS,0
1421,0,YDDYRVQLC,0
1422,0,DRGATLALTQV,0
1423,0,IFVDNLFAIV,0
1424,0,HQPITAMAFG,0
1425,0,DHLIDKDIGS,0
1426,0,VTNDNFREFV,0
1427,0,ILILTLLDSH,0
1428,0,CGQQGSPLGRPP,0
1429,0,EVDVLVFVVDSA,0
1430,0,YVARIHRKEP,0
1431,0,VLWEALRKMG,0
1432,0,VQIHRSPAQN,0
1433,0,GMLQVLKELTDV,0
1434,0,LLEAALAAEVKK,0
1435,0,DKYIRPEMPIAD,0
1436,0,IVYASVSSICGA,0
1437,0,DEAKRLRALHMK,0
1438,0,PSGEDQAALAAG,0
1439,0,NEMAIYEFIHNF,0
1440,0,RIAVYDDNNKLI,0
1441,0,PEVARGNVIYNQ,0
1442,0,ALRACRRLNDFA,0
1443,0,ITEWSLQSLGEE,0
1444,0,WQVKWQLRQLVR,0
1445,0,FRAVSAFGVVGG,0
1446,0,DIQRRHNEFRSL,0
1447,0,IPPSTTGSSKDR,0
1448,0,IFLDQMTIDEDK,0
1449,0,QHSVLPLEEVVQ,0
1450,0,PRSRSPRICHRF,0
1451,0,ASCSENKAFISV,0
1452,0,EDGFLLKIKLG,0
1453,0,EFLGGEVLLYK,0
1454,0,RRLDGIDYNP,0
1455,0,EADLPNYKSKIL,0
1456,0,KKYKQNTQGLKS,0
1457,0,PDLSAGTAVSIMIGVLAGMA,0
1458,0,FSPPPVRRADLPFPLGP,0
1459,0,DFRAMCPLCRDVVKV,0
1460,0,KLNRRLSHPG,0
1461,0,GKVTIAQG,0
1462,0,HVESGLEDVLG,0
1463,0,HFKFGS,0
1464,0,LKLIEH,0
1465,0,IPPARWKLTCYICKQKGLGAAI,0
1466,0,QILNY,0
1467,0,ESLRKLKEIVYPSIDEARWLSNV,0
1468,0,SITHDIEEKGVR,0
1469,0,KLAQGISQLDRE,0
1470,0,DPDLEEEEEEED,0
1471,0,LESFKTADKKLL,0
1472,0,KVKKGGPGSECA,0
1473,0,LSPASQKSSNLE,0
1474,0,YPPYSPQAQPQP,0
1475,0,AASVANAELVRV,0
1476,0,TAGKYLYVYGDM,0
1477,0,TLSFIYIFIFVI,0
1478,0,KTLDLSGIRLTN,0
1479,0,KQKISLLHSCTC,0
1480,0,RVSQEPMRMPAQ,0
1481,0,PLLDDLFKVHKL,0
1482,0,QRYLSAPEREHL,0
1483,0,ELYALPPPPQFY,0
1484,0,SLAEAEGDYCAQ,0
1485,0,GLPECAAGRCLP,0
1486,0,TEPLAEAPLLG,0
1487,0,VCTCVVHKRCHH,0
1488,0,ELGGSGDGAWLLK,0
1489,0,GVEDISGLPSGE,0
1490,0,AVELGAGTGLVG,0
1491,0,ALWRMPWLPVFL,0
1492,0,QTSWKEEKNISF,0
1493,0,NENEPLGLLDSS,0
1494,0,PHVSDEEEEEPP,0
1495,0,AKLSTSGAIKKK,0
1496,0,SKGKGVGSARKK,0
1497,0,GELREKVGECEA,0
1498,0,FSIGKMSTAKRT,0
1499,0,QGGGGELGFMGA,0
1500,0,SSFSTSVYQPIP,0
1501,0,RSARRGRSHSRS,0
1502,0,AVAATLNNLAVL,0
1503,0,VQVRGRKERPCE,0
1504,0,LARCGSRQLPSS,0
1505,0,LRNLASIEVLWK,0
1506,0,NPEPPEKPVRTP,0
1507,0,SGVWIVFAIAVT,0
1508,0,TNTEEKNTLPSK,0
1509,0,PGETAQRLSGVF,0
1510,0,KTHSDLMREKKK,0
1511,0,GKISEPMEAHNE,0
1512,0,HLLPHTHDDVGW,0
1513,0,HEDDKNGRLTQF,0
1514,0,MGFVRDLEKQYN,0
1515,0,LDEYVALVDGVF,0
1516,0,PVAAARKGSPRL,0
1517,0,WRIFQRAHQPEG,0
1518,0,VKFRERVLQRGL,0
1519,0,ELQTQRGKHSET,0
1520,0,HWRHSMEGLRHH,0
1521,0,KENCMYQACPTQ,0
1522,0,YDDDERLASQAA,0
1523,0,QVYGLALEGQTP,0
1524,0,RSLSGGPLGRRG,0
1525,0,PEDAEVLRPYSN,0
1526,0,QYVLCTLSRITT,0
1527,0,DCYYCICGLPDY,0
1528,0,QKGFPIKEDFLE,0
1529,0,TRKLKERVTILV,0
1530,0,SWEPGFEFSLHS,0
1531,0,FTIHNYSHSRERPYKCVQPDC,0
1532,0,NQMPNAVQKLLLVMDKRASG,0
1533,0,GLLYPPEAPELQIRKMADLC,0
1534,0,ENGSLNIYSVQALTQEINKE,0
1535,0,MGRSWLWLQQLRRVRDPQG,0
1536,0,PVAFVRRIPWTAASSQLKEHF,0
1537,0,KDGFKAARWADWGLCLPARLH,0
1538,0,TPAESREHNRDCILLDFFDDHDIWHFL,0
1539,0,VYQLHNFSISF,0
1540,0,RDHDSKRPKLS,0
1541,0,RYTCHVQHEGL,0
1542,0,EIPRHLLLTQN,0
1543,0,HLLESTSGQCF,0
1544,0,VQRGRSYSVGW,0
1545,0,PPPSETDFMLQ,0
1546,0,CQLCGKTFLTL,0
1547,0,DSFDKFDFCEP,0
1548,0,DDIKVSVNDFI,0
1549,0,FDPVFTEVDTF,0
1550,0,SQKWFHLINIC,0
1551,0,PLSLPVNRMQV,0
1552,0,HMKSDEIHWLH,0
1553,0,SQVSPERYSYG,0
1554,0,EGVVLSPSLEARVRDI,0
1555,0,MAGSQDIFDAIVMADERAPGEPLVLRQWGSCELPPG,0
1556,0,IFAQRNVEGGSGVTDCWACFAE,0
1557,0,GAKSLELPFQGAHRLMWAKIGPVGAVVA,0
1558,0,VFHHLRQLRGKRTPSPLILDQNYINTKNQ,0
1559,0,RPKYTIYFIYFSNVISKSDVKSLAEADEQ,0
1560,0,PLSKIPGGRGGGRDPSLSALIYKDEKLTV,0
1561,0,LSARKNEKEYDTPEVTLSYSVEKVG,0
1562,0,PSGADSADGQNPAPGTGIPVAP,0
1563,0,ACRISPLCHNLFALYD,0
1564,0,IDSLDHVTSDAVELANRRGEKKPHSKIC,0
1565,0,GERPLQVRRAGLRTAGAAASLSEAWLRCGEGFQ,0
1566,0,GFSSMALLTFWADEFFGDRMGHVLCIL,0
1567,0,KCKFCHKRGATVGCDLKNCNKNYHFFCAKKDDAVP,0
1568,0,KNNYKWVAASSKSPRVARRALSPRVAAENVCKASAGM,0
1569,0,GTIQLGRKLITKYNRRELTDKLLIFLALALFLATVLYI,0
1570,0,NSYPWPYGRQTAPSGLSTLPQRVLR,0
1571,0,LPRRQLPPGLESLNVSVAAGILLHSICSQRKGFPTE,0
1572,0,QRRMSMYSQGTPETPTFKDHSFFRWLHP,0
1573,0,LDYGFPPVLQQWVIG,0
1574,0,DKGNYSLITKADPFPPNG,0
1575,0,QILSENWLFSPRSPPP,0
1576,0,SPPRAAGHRPRKRKLSGPPLQL,0
1577,0,PHAQ,0
1578,0,PFEKISDQSESSD,0
1579,0,EPEELQRRAR,0
1580,0,SLTMDPVVKSKEIEAKIKEL,0
1581,0,SGSLAVSV,0
1582,0,SQEARTGRTVYS,0
1583,0,VPTHRRPVQAWVESLRGFEQERVGLADLHPDVFATA,0
1584,0,PSPRPVLLRGARAAL,0
1585,0,GAVWC,0
1586,0,NLLQPLSIRI,0
1587,0,SHKEFLNKTTHQLLF,0
1588,0,ARLQALSAATAEHAARLQAL,0
1589,0,CGNEDHCEGQQCFSSLSIN,0
1590,0,AKLFHCHKCFFTSKMYSNVYYHITSK,0
1591,0,TPILGAAIADSWLGKFKTIIYLSLVY,0
1592,0,SLVTPSPQQARVCPPHMLPEDGANLSSARGILSLIQSSTRRAY,0
1593,0,DVYLVIEDLKQKASEY,0
1594,0,LPMTHRLQLSKTNRTLYLFGVTKYIA,0
1595,0,LNEVVIDRGPSSYLSNVDVYLDGHLI,0
1596,0,PFPDVELIVERNFSQPTDNPTMDLLR,0
1597,0,CIVNSENKIVGIGYNGMPNGCSDDVLPWRRTAEN,0
1598,0,RPVLLTLPMVYLIYRLPFCQAHIIAHSYCEHMGI,0
1599,0,FRDGAGLLRQSREGAAMGFTGKQVIHPNQIAVVQ,0
1600,0,IEQAIGRVTPIFDNIISQGVLKEDVFSFYYNRDS,0
1601,0,EGNVESAYRTLNRILTMDGLIEDIKHRRY,0
1602,0,GPLIVCRRPYLKVFNPRRKLEFALLFLVF,0
1603,0,NPLVEFVEELPAGRSSLCYCNLLCGIIRGALEM,0
1604,0,YRSAGATTLVKKDIFGWQEIKEIIVGLLAF,0
1605,0,PSQYLLPILEQDGIENSRDSPDGPTDRFSREELEWQNR,0
1606,0,PVQHVYPAQVQYVEGGDAVYTNGAIRTA,0
1607,0,SHRHRIVRCICPSRLTPYLR,0
1608,0,GLYYHRYLQEVIDVLETDGHFREKLQAANAEDIKS,0
1609,0,QTLVIGRGMSEALKVPSST,0
1610,0,ELNEFLTRELAEDGYSGVERRPC,0
1611,0,SLTLGKVTENLG,0
0,1,RRRRRRRGGIYLATALAKWALKQGF,0
1,1,IYLATALAKWALKQGFGGRRRRRRR,0
2,1,RRRRRRRGGIYLATALAKWALKQ,0
3,1,IYLATALAKWALKQGGRRRRRRR,0
4,1,RRRRRRRGGKLAKLAKKLAKLAK,0
5,1,KLAKLAKKLAKLAKGGRRRRRRR,0
6,1,RWRWRWRW,0
7,1,WRWKKKKA,0
8,1,YGRKKRRQRRR,0
9,1,KKALLAHALHLLALLALHLAHALKKA,0
10,1,RRRRRRRR,0
11,1,GALFLGFLGAAGSTMGAWSQPKSKRKV,0
12,1,GLWRALWRLLRSLWRLLWRA,0
13,1,KAFAKLAARLYRKALARQLGVAA,0
14,1,GSRVQIRCRFRNSTR,0
15,1,GRKKRRQRRRPQ,0
16,1,CRNGRGPDC,0
17,1,CNGRC,0
18,1,CRGDC,0
19,1,CRGDKGDPC,0
20,1,NYRWRCKNQN,0
21,1,NYQRRCKNQN,0
22,1,NYQWRCKNQN,0
23,1,NYRRRCKNQN,0
24,1,YRWRCKNQN,0
25,1,NYRWRCKNQ,0
26,1,YRWRCKNQ,0
27,1,NYRWRCKN,0
28,1,RWRCKNQN,0
29,1,NYRWRCK,0
30,1,GRKKRRQRRRP,0
31,1,KLAKLAKKLAKLAK,0
32,1,KLAKLAKKLAKLAKGRKKRRQRRRP,0
33,1,KLAKLAKKLAKLAKNYRWRCKNQN,0
34,1,LLIILRRRIRKQAHAHSK,0
35,1,NHQQQNPHQPPM,0
36,1,LLIILRRRIRKQAHAHSKNHQQQNPHQPPM,0
37,1,NHQQQNPHQPPMLLIILRRRIRKQAHAHSK,0
38,1,CLLIILRRRIRKQAHAHSKNHQQQNPHQPPM,0
39,1,RKKRRQRRRGC,0
40,1,RPARPAR,0
41,1,RPARPAR,0
42,1,RPARPAR,0
43,1,RPARPAR,0
44,1,RPARPAR,0
45,1,RPARPAR,0
46,1,RKKWFW,0
47,1,AAAWFW,0
48,1,RKKAAA,0
49,1,GRKKRRQRRRG,0
50,1,GRRRRRRRRR,0
51,1,KKKKKKKKK,0
52,1,RRRRRRRR,0
53,1,GGRRARRRRRR,0
54,1,RRRRRRRRRRR,0
55,1,YKALRISRKLAK,0
56,1,KETWWETWWTEWSQPKKKRKVC,0
57,1,RRRRR,0
58,1,RRRRRRR,0
59,1,RRRRRRRRR,0
60,1,RRRRRRRRRRR,0
61,1,CVSRRRRRRGGRRRR,0
63,1,HHHHHHESGGGGSPGRRRRRRRRRRR,0
64,1,KFFKFFKFFK,0
65,1,KFFKFFKFFK,0
66,1,KFFKFFKFFK,0
67,1,KFFKFFKFFK,0
68,1,KFFKFFKFFK,0
69,1,KFFKFFKFFK,0
70,1,KFFKFFKFFK,0
71,1,KFFKFFKFFK,0
72,1,KFFKFFKFFK,0
73,1,CRGDKGPDC,0
74,1,ARRRAARAARRRAARAARRRAARAARRRAARA,0
75,1,AKKKAAKAAKKKAAKAAKKKAAKAAKKKAAKA,0
76,1,ARRRAARAARRRAARAARRRAARA,0
77,1,AKKKAAKAAKKKAAKAAKKKAAKA,0
78,1,ARRARAARRARAARRARAARRARAARRARA,0
79,1,AKKAKAAKKAKAAKKAKAAKKAKAAKKAKA,0
80,1,RARARARARARARARARARARARARARARARA,0
81,1,YGRKKRRQRRR,0
82,1,YGRKKRRQRRR,0
83,1,YGRKKRRQRRR,0
84,1,YTFGLKTSFNVQ,0
85,1,YTFGLKTSFNVQYTFGLKTSFNVQ,0
86,1,YGRKKRRQRRR,0
87,1,YGRKKRRQRRRYGRKKRRQRRR,0
88,1,RQIKIWFQNRRMKWKK,0
89,1,RQIKIWFQNRRMKWKKRQIKIWFQNRRMKWK,0
90,1,CRGDK,0
91,1,RRRRRRRR,0
92,1,LSTAADMQGVVTDGMASGLDKDYLKPDD,0
93,1,LSTAADMQGVVTDGMASGLDKDYLKPDD,0
94,1,YGRKKRRQRRR,0
95,1,AGYLLGHINLHHLAHLHHILC,0
96,1,AGYLLGHINLHHLAHLHHIL,0
97,1,AGYLLGKINLKKLAKLLLIL,0
98,1,CHHRRRRHHC,0
99,1,RQIKIWFQNRRMKWKK,0
100,1,KWFKIQMQIRRWKNKR,0
101,1,TAMRAVDKLLLHLKKLFREGQFNRNFESIIICRDRT,0
102,1,YGRKKRRQRRR,0
103,1,RRRRRRRRRRR,0
104,1,RRRRRRRR,0
105,1,RRRRRRRR,0
106,1,HHHHHHHHRRRRRRRR,0
107,1,RRRRRRRRRRRRRRR,0
108,1,HHHHHHHHRRRRRRRRRRRRRRR,0
109,1,HHHHHHHHRRRRRRRRRRRRRRR,0
110,1,HHHHHHHHHHHHRRRRRRRRRRRRRRR,0
111,1,HHHHHHHHHHHHHHHHRRRRRRRRRRRRRRR,0
112,1,HHHHHHHHHHHHHHHHRRRRRRRRRRRRRRR,0
113,1,HHHHHHHHHHHHHHHHHHHHRRRRRRRRRRRRRRR,0
114,1,RLLRLLRLL,0
115,1,CIGAVLKVLTTGLPALISWIKRKRQQ,0
116,1,AGYLLGKINLKALAALAKKILGGC,0
117,1,GKKALKLAAKLLKKC,0
118,1,RRRRRRRQIKILFQNRRMKWKKGGC,0
119,1,GLFKALLKLLKSLWKLLLKAGGC,0
120,1,GALFLGWLGAAGSTMGAPKSKRKVGGC,0
121,1,KWFETWFTEWPKKRKGGC,0
122,1,LIRLWSHLIHIWFQNRRLKWKKKGGC,0
123,1,WEAKLAKALAKALAKHLAKALAKALKACEA,0
124,1,MVTVLFRRLRIRRACGPPRVRV,0
125,1,CGGMVTVLFRRLRIRRASGPPRVRV,0
126,1,MVTVLFKRLRIRRACGPPRVKV,0
127,1,RRRRRRRR,0
128,1,RQIKIWFQNRRMKWKK,0
129,1,WEARLARALARALARHLARALARA,0
130,1,PKKKRKVWKLLQQFFGLM,0
131,1,PKKKRKVWKLLQQFFGLM,0
132,1,PKKKRKVWKLLQQFFGLM,0
133,1,CSKSSDYQC,0
134,1,IRQRRRR,0
135,1,CGYGRKKRRQRRRGC,0
136,1,VSRRRRRRGGRRRR,0
137,1,GWTLNSAGYLLGKINLKALAALAKKIL,0
138,1,KLALKLALKALKAALKLA,0
139,1,GRKKRRQRRRPPQ,0
140,1,RQIKIWFQNRRMKWKK,0
141,1,RRRRRRRRR,0
142,1,CSSLDEPGRGGFSSESKV,0
143,1,AGYLLGKINLKALAALAKKIL,0
144,1,KCFQWQRNMRKVRGPPVSCIKR,0
145,1,KCFQWQRNMRKVRGPPVSCIKR,0
146,1,KCFQWQRNMRKVRGPPVSCIKR,0
147,1,KCFQWQRNMRKVRGPPVSCIKR,0
148,1,KCFQWQRNMRKVRGPPVSCIKR,0
149,1,KCFQWQRNMRKVRGPPVSCIKR,0
150,1,KCFQWQRNMRKVRGPPVSCIKR,0
151,1,KCFQWQRNMRKVRGPPVSCIKR,0
152,1,KCFQWQRNMRKVRGPPVSCIKR,0
153,1,KCFQWQRNMRKVRGPPVSCIKR,0
154,1,KCFQWQRNMRKVRGPPVSCIKR,0
155,1,KCFQWQRNMRKVRGPPVSCIKR,0
156,1,KCFQWQRNMRKVRGPPVSCIKR,0
157,1,KCFQWQRNMRKVRGPPVSCIKR,0
158,1,GRGDSPRR,0
159,1,GRGDSPRRSPRR,0
160,1,GRGDSPRRKKKKSPRRKKKKSPRR,0
161,1,GRGDGPRRKKKKGPRRKKKKGPRR,0
162,1,LLKLLKKLLKLLKKLLKLL,0
163,1,WLKLLKKWLKLWKKLLKLW,0
164,1,FLKLLKKFLKLFKKLLKLF,0
165,1,WLKLWKKWLKLW,0
166,1,KALKLKLALALLAKLKLA,0
167,1,KALKLKLALALLAKLKLA,0
168,1,RRRRRRRRR,0
169,1,RWRRWWRRW,0
170,1,RRWRRWWRRWWRRWRR,0
171,1,IPLVVPLRRRRRRRRC,0
172,1,RRRRRRRRC,0
173,1,IPLVVPLC,0
174,1,KFLNRFWHWLQLKPGQPMY,0
175,1,KFLNRFWHWLQLKPGQPMY,0
176,1,KFLNRFWHWLQLKPGQPMY,0
177,1,YGRKKRRQRRR,0
178,1,RQIKIWFQNRRMKWKK,0
179,1,DAATARGRGRSAASRPTERPRAPARSASRPRRPVD,0
180,1,LLIILRRRIRKQAHAHSK,0
181,1,GSVSRRRRRRGGRRRR,0
182,1,LGTYTQDFNKFHTFPQTAIGVGAP,0
183,1,KETWWETWWTEWSQPKKKRKV,0
184,1,GALFLGWLGAAGSTMGAPKKKRKV,0
185,1,GLFRALLRLLRSLWRLLLRA,0
186,1,RRRRRRRRRRRR,0
187,1,KKALLALALHHLAHLALHLALALKKA,0
188,1,YARVRRRGPRR,0
189,1,CRQIKIWFQNRRMKWKK,0
190,1,CRQIKIWFQNRRMKWKKKLAKLAKKLAKLAK,0
191,1,CRRLRHLRHHYRRRWHRFRC,0
192,1,CLLYWFRRRHRHHRRRHRRC,0
193,1,RRLRHLRHHYRRRWHRFR,0
194,1,LLYWFRRRHRHHRRRHRR,0
195,1,RKKNPNCRRH,0
196,1,GRKKRRQRRRPPQY,0
197,1,RRRRRRRRR,0
198,1,RKKRRQRRR,0
199,1,RQIKIWFQNRRMKWKK,0
200,1,RRIRPRPPRLPRPRPRPLPFPRPG,0
201,1,RRIRPRPPRLPRPRPRPLPFPRPG,0
202,1,RRIRPRPPRLPRPRPRPLPFPRPG,0
203,1,ISFDELLDYYGESGS,0
211,1,LCLRPVG,0
212,1,LCLRP,0
213,1,LCLR,0
214,1,LLR,0
215,1,LLLR,0
216,1,LLLLR,0
217,1,LLLRR,0
218,1,IIIR,0
219,1,VVVR,0
220,1,LCLK,0
221,1,LCLH,0
222,1,LCLE,0
223,1,LCLN,0
224,1,LCLQ,0
225,1,AGYLLGKINLKALAALAKKIL,0
226,1,EEEEEEEEPLGLAGRRRRRRRRN,0
227,1,YGRKKRRQRRR,0
228,1,RRRRRRRR,0
229,1,RRRRRRRR,0
230,1,RQIKIWFQNRRMKWKK,0
231,1,RQIKIWFQNRRMKWKK,0
232,1,AGYLLGKINLKALAALAKKIL,0
233,1,AGYLLGKINLKALAALAKKIL,0
235,1,YGRKKRRQRRRDPYHATSGALSPAKDCGSQKYAYFNGCSSPTLSPMSP,0
236,1,YGRKKRRQRRRAYFNGCSSPTAPLSPMSP,0
237,1,YGRKKRRQRRRQRRRPTAPLSPMSP,0
238,1,CGGKDCERRFSRSDQLKRHQRRHTGVKPFQ,0
239,1,KDCERRFSRSDQLKRHQRRHTGVKPFQK,0
240,1,VSRRRRRRGGRRRR,0
241,1,RRRRRRR,0
242,1,GGGGRRRRRRRRRLLLL,0
243,1,CGGGRRRRRRRRRLLLL,0
244,1,YARAAARQARAKALARQLGVAA,0
245,1,YGRKKRRQRRR,0
246,1,RQIKIWFQNRRMKWKK,0
247,1,KETWWETWWTEWSQPKKKRKV,0
248,1,RIMRILRILKLAR,0
249,1,RRRRRRRRR,0
250,1,YGRKKRRQRRR,0
251,1,RRLLRRLRR,0
252,1,RQIKIWFQNRRMKWKK,0
253,1,RRWWRRWRR,0
254,1,RKKRRQRRRGGG,0
255,1,RKKRRQRRRGGGKLLKLLLKLLLKLLK,0
256,1,RQIKIWFQNRRMKWKK,0
257,1,YGRKKRRQRRR,0
258,1,GALFLAFLAAALSLMGLWSQPKKKRKV,0
259,1,GALFLGFLGAAGSTMGAWSQPKKKRKV,0
260,1,GLWRALWRLLRSLWRLLWKA,0
261,1,KLPVM,0
262,1,YGRKKRRQRRRC,0
263,1,RQIKIWFQNRRMKWKKC,0
264,1,RRRRRRRRRC,0
265,1,KLFMALVAFLRFLTIPPTAGILKRWGTI,0
266,1,LKRWGTIKKSKAINVLRGFRKEIGRMLNILNRRRR,0
267,1,CELAGIGILTVRKKRRQRRR,0
268,1,CELAGIGILTVKKKKKQKKK,0
269,1,KKLFKKILKKL,0
271,1,KKLFKKILKKL,0
273,1,GRKKRRQRRRPPQK,0
274,1,RQIKIWFQNRRMKWKKK,0
275,1,RRRRRRRRK,0
276,1,VSRRRRRRGGRRRRK,0
277,1,RRRRR,0
278,1,RRRRRRRR,0
279,1,YGRKKRRQRRR,0
280,1,YGRGGRRGRRR,0
281,1,ACSGSGSGCGSGSGSCG,0
282,1,ACSGRGSGCGSGRGSCG,0
283,1,ACRGSGRGCGRGSGRCG,0
284,1,ACSGRGRGCGRGRGSCG,0
285,1,ACRGRGRGCGRGRGRCG,0
286,1,ACGRGRGRCRGRGRGCG,0
287,1,ACRGRGRGCRGRGRGCG,0
288,1,ACGRGRGRCGRGRGRCG,0
289,1,ACRGRRRGCGRRRGRCG,0
290,1,ACRRSRRGCGRRSRRCG,0
291,1,ACSDRFRNCPADEALCG,0
292,1,ACRDRFRNCPADEALCG,0
293,1,ACRDRFRNCPADERLCG,0
294,1,ACRDRFRRCPADERLCG,0
295,1,ACRDRFRRCPADRRLCG,0
296,1,ACSGRGRGCGSGSGSCG,0
297,1,ACRGRGRGCGSGSGSCG,0
298,1,ACRGRGRGCGSGSRSCG,0
299,1,ACRGRGRRCGSGSRSCG,0
300,1,ACRGRGRRCGSGRRSCG,0
301,1,ARCSGSGSGCGSGSGSCGR,0
302,1,ARRCSGSGSGCGSGSGSCGRR,0
303,1,ARRRCSGSGSGCGSGSGSCGRRR,0
304,1,ARRRRCSGSGSGCGSGSGSCGRRRR,0
305,1,ACSGSGSGCGSGSGSCGRRRRRRRR,0
306,1,ARCSDRFRNCPADEALCGR,0
307,1,ARRCSDRFRNCPADEALCGRR,0
308,1,ARRRCSDRFRNCPADEALCGRRR,0
309,1,ARRRRCSDRFRNCPADEALCGRRRR,0
310,1,ACSDRFRNCPADEALCGRRRRRRRR,0
311,1,ACRRSRRGCGRRSRRCG,0
312,1,ACRGRGRRCGSGRRSCG,0
313,1,ACSGSGSGCGSGSGSCGRRRRRRRR,0
314,1,ACSDRFRNCPADEALCGRRRRRRRR,0
315,1,ACSHSGHGCGHGSHSCGRRRRRRRR,0
316,1,ACSHSGWGCGHGSWSCGRRRRRRRR,0
317,1,ACHGRRWGCGRHRGRCG,0
318,1,HEHEHEHEHEHEHEHEEFGGGGGYGRGRGRGRGRGRG,0
319,1,HEHEHEHEHEHEHEHEHEHEEFGGGGGYGRGRGRGRGRGRG,0
320,1,HEHEHEHEHEHEHEHEHEHEHEHEEFGGGGGYGRGRGRGRGRGRG,0
321,1,HEHEHEHEHEHEHEHEEFGGGGGYGRRRRRRGGGGGG,0
322,1,HEHEHEHEHEHEHEHEHEHEEFGGGGGYGRRRRRRGGGGGG,0
323,1,HEHEHEHEHEHEHEHEHEHEHEHEEFGGGGGYGRRRRRRGGGGGG,0
324,1,HEHEHEHEHEHEHEHEHEHEHEHEEFGGGGGYGRKKRRQRRR,0
340,1,GLKKLARLFHKLLKLGC,0
341,1,GLKKLAELFHKLLKLGC,0
342,1,GLKKLARLAHKLLKLGC,0
343,1,GLKKLAELAHKLLKLGC,0
344,1,YGRKKRRQRRRGC,0
345,1,YGRKKRRQRRR,0
346,1,RLRLRLRLRLRLRLRLKRLKRLKRLKRLKKKKKKKGYK,0
347,1,RLRLRLRLRLRLRLRLKLLKLLKLLKLLKKKKKKKGYK,0
348,1,RLRLRLRLRLRLRLRLKNNKNNKNNKNNKKKKKKKGYK,0
349,1,GYGYGYGYGYGYGYGYKKRKKRKKRKKRKQQKQQKRRK,0
350,1,GYGYGYGYGYGYGYGYKKRKKRKKRKKRKQQKQQKRRK,0
351,1,AGYLLGKINLKALAALAKKIL,0
352,1,ALALALALALALALALKIKKIKKIKKIKKLAKLAKKIK,0
353,1,LALALALALALALALAKKLKKLKKLKKLKKLKKLKYAK,0
354,1,LALALALALALALALAKKLKKLKKLKKLKKLKKLKYAK,0
355,1,IKIKIKIKIKIKIKIKKLAKLAKLAKLAKLAKLAKKIK,0
356,1,IKIKIKIKIKIKIKIKKLAKLAKLAKLAKLAKLAKKIK,0
357,1,LALALALALALALALAKIKKIKKIKKIKKLAKLAKKIK,0
358,1,LALALALALALALAKLAKLAKLAKLAKIKKIKKKIK,0
359,1,LALALALALALALALAKLAKLAKLAKLAKLAKKIK,0
360,1,LLIILRRRIRKQAHAHSK,0
361,1,LILILILILILILILIKRKKRKKRKKRKKRAKRAKHSK,0
362,1,LILILILILILILILIKRKKRKKRKKRKKRAKRAKHSK,0
363,1,RKKRRQRRR,0
364,1,GRKKRRQRRRCG,0
365,1,LKKLLKLLKKLLKLAG,0
366,1,LKKLCKLLKKLCKLAG,0
367,1,RRRRRRRRR,0
368,1,VTPHHVLVDEYTGEWVDSQFK,0
369,1,RRRRWWWW,0
370,1,AGYLLGKINLKALAALAKKIL,0
371,1,AGYLLGKTNLKALAALAKKIL,0
372,1,YGRKKRRQRRR,0
373,1,KRKRWHW,0
378,1,RRIRPRPPRLPRPRPRPLPFPRPG,0
379,1,YGRKKRRQRRR,0
380,1,YGRKKRRQRRRYGRKKRRQRRRYGRKKRRQRRR,0
381,1,RQIKIWFQNRRMKWKK,0
382,1,GGVCPKILKKCRRDSDCPGACICRGNGYCGSGSD,0
383,1,GGVCPKILKKCRRDSDCPGACICRGNGWCGSGSD,0
384,1,GGVCPKILRRCRRDSDCPGACICRGNGYCGSGSD,0
385,1,GGVCPKILRRCRRDSDCPGACICRGNGWCGSGSD,0
386,1,GGVCPKILRRCRRDSDCPGACICRGNGYCGSGSR,0
387,1,GGVCPRILRRCRRDSDCPGACICRGNGYCGSGSK,0
388,1,GGVCPKILKKCRRDSDCPGACICRGNGYCGSGSD,0
389,1,GRCTKSIPPICFPD,0
390,1,GACTKSIPPICFPD,0
391,1,GRCTKSIPPICFPA,0
392,1,GRCTKSIPPICWPD,0
393,1,GRCTKSIPPICWPK,0
394,1,GRCTRSIPPKCWPD,0
395,1,YGRKKRRQRRRPPQG,0
396,1,WEARLARALARALARHLARALARALRACEA,0
397,1,VSRRRRRRGGRRRR,0
398,1,HSDAVFTDNYTALRKQMAVKKYLNSILNYGRKKRRQRRR,0
399,1,RRRRRRRRRRR,0
400,1,RRRRRRRRRRR,0
401,1,RRRRRRRRRRR,0
402,1,GRKKRRQRRR,0
403,1,RRRRRRRRRRR,0
404,1,CGRKKRRQRRRPPQ,0
405,1,KGRKKRRQRRRPPQ,0
406,1,KGRKKRRQRRRPPQ,0
407,1,CGRKKRRQRRRPPQ,0
408,1,CGRKKRRQRRRPPQ,0
409,1,IRQRRRR,0
410,1,CSKSSDYQC,0
411,1,RRRRRRRR,0
412,1,RRRRRRRR,0
413,1,CGYGRKKRRQRRRGC,0
414,1,KLALKLALKALKAALKLA,0
415,1,GRKKRRQRRRPPQ,0
416,1,RQIKIWFQNRRMKWKK,0
417,1,RRRRRRRRR,0
418,1,RRRRRRRR,0
419,1,CARSKNKDC,0
420,1,YGRKKRRQRRR,0
421,1,YGRKKRRQRRR,0
422,1,KSTGKANKITITNDKGRLSK,0
423,1,KFFKFFKFFK,0
424,1,CAYGRKKRRQRRR,0
425,1,CAYGRKKRRQRRR,0
426,1,CYGRKKRRQRRR,0
427,1,RKKRRQRRRRKKRRQRRR,0
428,1,AKKRRQRRRAKKRRQRRR,0
429,1,ESGGGGSPGRRRRRRRRRRR,0
430,1,CAYGRKKRRQRRR,0
431,1,CAYGRKKRRQRRR,0
432,1,CHAIYPRH,0
433,1,GWTLNSAGYLLGKINLKALAALAKKIL,0
434,1,GWTLNSAGYLLGKINLKALAALAKKIL,0
435,1,AGYLLGKINLKALAALAKKIL,0
436,1,AGYLLGKINLKALAALAKKIL,0
437,1,KWCFRVCYRGICYRRCRGK,0
438,1,KWSFRVSYRGISYRRSRGK,0
439,1,KWFRVYRGIYRRRGK,0
440,1,KWCFAVCYAGICYAACAGK,0
441,1,RRGRRG,0
442,1,RRRRRR,0
443,1,RRRRRR,0
444,1,RRRRRRRRR,0
445,1,RRRRRRRR,0
446,1,RRRRRRRR,0
447,1,RRRRRRRR,0
448,1,HHHRRRRRRRR,0
449,1,HHHRRRRRRRR,0
451,1,CTSTTAKRKKRKLK,0
452,1,YGRKKRRQRRR,0
453,1,YGRKKRRQRRR,0
454,1,KKWKMRRNQFWIKIQR,0
455,1,KKWKMRRNQFWIKIQR,0
456,1,HILPWKWPWWPWRR,0
457,1,RQIKIWFQNRRMKWKKGG,0
458,1,MRRIRPRPPRLPRPRPRPLPFPRPGGCYPG,0
459,1,RGGRLSYSRRRFSTSTGRA,0
460,1,YGRKKRRQRRR,0
461,1,YGRKKRRQRRR,0
462,1,RRRRRRRRR,0
463,1,RRRRRRRRR,0
464,1,YGDCLPHLKLCKENKDCCSKKCKRRGTNIEKRCR,0
465,1,CRGDKGPDC,0
466,1,GRKKRRQRRR,0
467,1,GRKKRRQRRR,0
468,1,CRQIKIWFQNRRMKWKK,0
469,1,YGRKKRRQRRR,0
470,1,RQIKIWFQNRRMKWKK,0
471,1,DAATARGRGRSAASRPTERPRAPARSASRPRRPVD,0
472,1,LLIILRRRIRKQAHAHSK,0
473,1,GSVSRRRRRRGGRRRR,0
474,1,LGTYTQDFNKFHTFPQTAIGVGAP,0
475,1,KETWWETWWTEWSQPKKKRKV,0
476,1,GALFLGWLGAAGSTMGAPKKKRKV,0
477,1,GLFRALLRLLRSLWRLLLRA,0
478,1,RRRRRRRRRRRR,0
479,1,KKALLALALHHLAHLALHLALALKKA,0
480,1,RRRRRRRR,0
481,1,KKKKKKKK,0
482,1,RGGRLSYSRRRFSTSTGR,0
483,1,RGGRLSYSRRRFSTSTGR,0
484,1,RGGRLSYSRRRFSTSTGR,0
485,1,KHKHKHKHKHKHKHKHKHKKLFKKILKYL,0
486,1,CKYGRKKRRQRRR,0
487,1,RRRQRRKKRGYCKCKYGRKKRRQRRR,0
488,1,CKYGRKKRRQRRR,0
489,1,RRRQRRKKRGYCKCKYGRKKRRQRRR,0
490,1,AYGRKKRRQRRR,0
491,1,AYGRKKRRQRRR,0
492,1,KRKRWHW,0
493,1,RQIKIQFQNRRKWKK,0
494,1,APWHLSSQYSRT,0
495,1,GRKKRRQRRRPPQ,0
496,1,AYGRKKRRQRRR,0
497,1,GNYAHRVGAGAPVWL,0
498,1,TVDNPASTTNKDKLFAVRK,0
499,1,GRKKRRQRRRPPQRKC,0
501,1,KIAKLKAKIQKLKQKIAKLK,0
502,1,YGRKKRRQRRR,0
503,1,CCTGRKKRRQRRR,0
504,1,IPLVVPLRRRRRRRRC,0
505,1,GGAYVTRSSAVRLRSSVPGVRLLQ,0
506,1,GRKKRRQRRRPPQ,0
507,1,GLRKRLRKFRNKIKEK,0
508,1,RKKRRQRRR,0
509,1,RKKRRQRRRHRRKKR,0
510,1,VSRRRRRRGGRRRR,0
511,1,LLIILRRRIRKQAHAHSK,0
512,1,LLIILRRRIRRRARARSR,0
513,1,LLHILRRSIRKQAHAIRK,0
514,1,LLRILRRSIRRARRAIRR,0
515,1,LLHILRRSIRRQAHAIRR,0
516,1,LLRHLRRHIRRARRHIRR,0
517,1,MAMPGEPRRANVMAHKLEPASLQLRNSCA,0
518,1,MAPQRDTVGGRTTPPSWGPAKAQLRNSCA,0
519,1,RRRRRRRRRRR,0
520,1,CGRKKRRQRRRPPQ,0
521,1,CGRKKRWWRQRRRPPQ,0
522,1,CGRKKRRQRRWWRPPQ,0
523,1,CGRKKRRQRWWRRPPQ,0
524,1,CGRKKRWWRQRWWRWWRPPQ,0
525,1,CGRKKRAARQRRRPPQ,0
526,1,CGRKKRRQRRAARPPQ,0
527,1,CGRKKRRQRAARRPPQ,0
528,1,CGRKKRAARQRAARAARPPQ,0
529,1,CGRKKRLLRQRRRPPQ,0
530,1,CGRKKRRQRRLLRPPQ,0
531,1,CGRKKRRQRLLRRPPQ,0
532,1,CGRKKRLLRQRLLRLLRPPQ,0
537,1,YKQCHKKGGHCFPKEKICLPPSSDFGKMDCRWRWKCCKKGSG,0
538,1,INLKALAALAKKIL,0
539,1,LIKKALAALAKLNI,0
540,1,CAYGRKKRRQRRR,0
541,1,CRKARYRGRKRQR,0
542,1,CAYGGQQGGQGGG,0
543,1,CRRRRRRRR,0
544,1,KLALKLALKALKAALKLA,0
545,1,RRRRRRRR,0
546,1,RRRRRRRR,0
547,1,RRRRRRRR,0
548,1,RQIKIWFQNRRMKWKK,0
549,1,RQIKIWFQNRRMKWKKC,0
550,1,RQIRIWFQNRRMRWRR,0
551,1,RQIRIWFQNRRMRWRRC,0
552,1,LIRLWSHLIHIWFQNRRLKWKKK,0
553,1,LIRLWSHLIHIWFQNRRLKWKKKC,0
554,1,GRKKRRQRRRPPQC,0
555,1,RQIKIWFQNRRMKWKKGC,0
556,1,RRGC,0
557,1,RRRRRRRRGC,0
558,1,RRRRRRRRRRRRGC,0
559,1,RRRRRRRRRRRRRRRRGC,0
560,1,RRRRRRRRRGPGVTWTPQAWFQWV,0
561,1,HEHEHEHEHEHEHEHEHEHEGGGGGKLALKLALKALKAALKLA,0
562,1,GKRKKKGKGLGKKRDPCLRKYK,0
563,1,GRKKRRQRRR,0
564,1,YGRKKRRQRRR,0
565,1,RRR,0
566,1,RRRRR,0
567,1,RRRRRRR,0
568,1,RRRRRRRRR,0
569,1,RRRRRRRRRRR,0
570,1,RRR,0
571,1,RRR,0
572,1,RRRRRRR,0
573,1,RRRRRRRRRRR,0
574,1,RRRRRRRRGC,0
575,1,FFLIPKGRRRRRRRRGC,0
576,1,LILIGRRRRRRRRGC,0
577,1,FFGRRRRRRRGC,0
578,1,FFFFGRRRRRRRRGC,0
579,1,FFFFFFGRRRRRRRRGC,0
580,1,RRRRRRRRR,0
581,1,FFLIPKGRRRRRRRRGC,0
582,1,FFFFGRRRRRRRRGC,0
583,1,RRRRRRRRR,0
584,1,FFLIPKGRRRRRRRRGC,0
585,1,FFFFGRRRRRRRRGC,0
586,1,GCGGGYGRKKRRQRRR,0
587,1,YGRKKRRQRRRGTALDWSWLQTE,0
589,1,SRRRRRRRRR,0
590,1,CHHHHHRRRRRRRRRHHHHHC,0
591,1,FFLIPKGRRRRRRRRR,0
592,1,CGGGYGRKKRRQRRR,0
593,1,GLWWKAWWKAWWKSLWWRKRKRKA,0
594,1,WRRRRRRRR,0
595,1,WWRRRRRRRR,0
596,1,WWWRRRRRRRR,0
597,1,WWWWRRRRRRRR,0
598,1,RRRRWWWWRRRR,0
599,1,RWRRWRRWRRWR,0
600,1,YKQCHKKGGHCFPKEKICLPPSSDFGKMDCRWRWKCCKKGSG,0
601,1,YGRKKRPQRRR,0
602,1,DSLKSYWYLQKFSWR,0
603,1,KLWMRWWSPTTRRYG,0
604,1,RLWMRWYSPWTRRWG,0
605,1,RLIMRIYAPTTRRYG,0
606,1,RLYMRYYSPTTRRYG,0
607,1,RLWMRWYSPRTRAYG,0
608,1,KRPTMRFRYTWNPMK,0
609,1,WKCRRQCFRVLHHWN,0
610,1,WKCRRQAFRVLHHWN,0
611,1,WKARRQCFRVLHHWN,0
612,1,RRRRRRRR,0
613,1,RRRRRRRR,0
614,1,RQIKIWFQNRRMKWKK,0
615,1,RRRRRRRR,0
616,1,RRRRRHHH,0
617,1,RRRRRRHHH,0
618,1,RRRRRRRHHH,0
619,1,RRRRRRRRHHH,0
620,1,RRRRRRRRRHHH,0
621,1,RLLRLLLRLWRRLLRLLR,0
622,1,RRRRRRRRRR,0
623,1,CKDEPQRRSARLSAKPAPPKPEPKPKKAPAKK,0
624,1,RQIKIWFQNRRMKWKK,0
626,1,GIGKFLHSAKKFGKAFVGEIMNSGGKKWKMRRNQFWVKVQRG,0
627,1,YGRKKRRQRRTALDWSWLQTE,0
628,1,YGRKKRRQRRTALDASALQTE,0
629,1,RLLRLLRRLLRLLRRLLRC,0
630,1,RGDRGDRRDLRLDRGDLRC,0
631,1,RGDRLDRRDLRLDRRDLRC,0
632,1,RGERGERRELRLERGELRC,0
633,1,RGERLERRELRLERRELRC,0
634,1,VSRRRRRRGGRRRR,0
635,1,RRWWRRWRR,0
636,1,RRLLRRLRR,0
637,1,GGGRRRRRRYGRKKRRQRR,0
638,1,RRRRRRRR,0
639,1,RRRRRRRR,0
640,1,GLKKLAELFHKLLKLG,0
641,1,LKKLAELAHKLLKLG,0
642,1,GLKKLAELFHKLLKLG,0
643,1,GLKKLAELAHKLLKLG,0
644,1,GLKKLAELFHKLLKLG,0
645,1,GLKKLAELAHKLLKLG,0
646,1,CGNKRTR,0
647,1,AYLLGKINLKALAALAKKIL,0
648,1,GLPRRRRRRRRR,0
649,1,YKQCHKKGGKKGSG,0
650,1,YKQSHKKGGKKGSG,0
651,1,YRQSHRRGGRRGSG,0
652,1,WKQSHKKGGKKGSG,0
653,1,GRKKRRQRRRPPQ,0
654,1,GRKKRRQRRRPPQRKC,0
656,1,EARPALLTSRLRFIPK,0
657,1,VSRRRRRRGGRRRR,0
658,1,GRKKRRQRRR,0
659,1,GRKKRRQRRRMVSAL,0
660,1,TPWWRLWTKWHHKRRDLPRKPEGC,0
661,1,TPWWRLWTKWHHKRRDLPRKPEGC,0
662,1,KLALKLALKALKAALKLA,0
663,1,MIIYRDLISH,0
664,1,YSSYSAPVSSSLSVRRSYSSSSGS,0
665,1,GRKKRRQRRRPPQ,0
666,1,RQIKIWFQNRRMKWKK,0
667,1,GRKKRRQRRRPPQ,0
668,1,CSIPPEVKFNKPFVYLI,0
669,1,AGYLLGKINLKALAALAKKIL,0
670,1,RKLTTIFPLNWKYRKALSLG,0
671,1,KGKKIFIMK,0
672,1,DITYRFRGPDWL,0
673,1,GRKKRRQRRRPPQ,0
674,1,RQIKIWFQNRRMKWKK,0
675,1,AGYLLGKINLKALAALAKKIL,0
676,1,KHHWHHVRLPPPVRLPPPGNHHHHHH,0
677,1,KKWALLALALHHLAHLALHLALALKKAHHHHHH,0
678,1,RKKRRRESWVHLPPPVHLPPPGGHHHHHH,0
679,1,KKALLAHALHLLALLALHLAHALKKA,0
680,1,KKLALHALHLLALLWLHLAHLALKK,0
681,1,FKKLALHALHLLALLWLHLAHLALKK,0
682,1,FFKKLALHALHLLALLWLHLAHLALKK,0
683,1,KHKALHALHLLALLWLHLAHLAKHK,0
684,1,KHKLLHLLHLLALLWLHLLHLLKHK,0
685,1,RLWMRWYSPRTRAYG,0
686,1,RRRRRRRR,0
687,1,NTCTWLKYHS,0
688,1,CASGQQGLLKLC,0
689,1,YNNFAYSVFL,0
690,1,ECYPKKGQDP,0
691,1,RHVYHVLLSQ,0
692,1,HATKSQNINF,0
693,1,YRDRFAFQPH,0
694,1,IWRYSLASQQ,0
695,1,YQKQAKIMCS,0
696,1,VQLRRRWC,0
697,1,RRRRRRRRR,0
698,1,NTGTWLKYHS,0
699,1,TCTWLKYHS,0
700,1,NTCTWLKYH,0
701,1,TCTWLKYH,0
702,1,CTWLKYH,0
703,1,TWLKYH,0
704,1,CTWLKY,0
705,1,VKRFKKFFRKLKKSV,0
706,1,VKRFKKFFRKLKKLV,0
707,1,VKRFKKFFRKLKKKV,0
708,1,KKKKKKNKKLQQRGD,0
709,1,RGDGPRRRPRKRRGR,0
710,1,RRRQKRIVVRRRLIR,0
711,1,RRVWRRYRRQRWCRR,0
712,1,RRARRPRRLRPAPGR,0
713,1,LLRARWRRRRSRRFR,0
714,1,RGPRRQPRRHRRPRR,0
715,1,RRWRRWNRFNRRRCR,0
716,1,GRKKRRQRRRPPQ,0
717,1,HSDGIFTDSYSRYRKQMAVKKYLAAVLGKRYKQRVKNK,0
718,1,RQIKIWFQNRRMKWKK,0
719,1,MAARLCCQLDPARDVLCLRP,0
720,1,MAARLCCQLDPARDV,0
721,1,MAARLCCQ,0
722,1,MAARL,0
723,1,YGRKKRRQRRR,0
724,1,YGRKKRRQRRRGLFGAIAGFIENGWEGMIDGWYG,0
725,1,RRLSYSRRRF,0
726,1,RHHRRHHRRHRRHHRRHHRHHR,0
727,1,HHHRRRRRRRRRHHH,0
728,1,HHHHHHRRRRRRRRR,0
729,1,RRRRRRRRR,0
730,1,RHHLRHLRRHLRHLLRHLRHHLRHLRRHLRHLL,0
731,1,RLHHRLHRRLHRLHRRLHRLHHRLHRRLH,0
732,1,LRHLLRHLLRHLRHLLRHLRHLLRHLLRH,0
733,1,LRHHLRHLLRHLRHLLRHLRHHLRHLLRH,0
734,1,RLHRRLHRRLHRLHRRLHRLHRRLHRRLH,0
735,1,RHHLRHLRRHLRHLLRHLRHHL,0
736,1,LHHLLHHLLHLLHHLLHHLHHL,0
737,1,RRHLRRHLRHLRRHLRRHLRHL,0
738,1,RLHLRLHLRHLRHHLRLH,0
739,1,RLHHRLHRRLHRLHR,0
740,1,LRHLLRHLLRHLRHL,0
741,1,RLHRRLHRRLHRLHR,0
742,1,RHHLRHLRRHL,0
743,1,AEAEAEAEAKAKAKAKAGGGHRRRRRRR,0
744,1,RFTFHFRFEFTFHFEGGGRRRRRRR,0
745,1,FQFNFQFNGGGHRRRRRRR,0
746,1,AEAEAEAEAKAKAKAK,0
747,1,RFTFHFRFEFTFHFE,0
748,1,RHNFRFFFNFRTNR,0
749,1,NRHFRFFFNFTNR,0
750,1,FTFHFTFHF,0
751,1,FHFHFRFR,0
752,1,KLLKLLLKLWKKLLKLLKGGGRRRRRRR,0
753,1,HRLRHALAHLLHKLKHLLHALAHRLRH,0
754,1,HALAHKLKHLLHRLRHLLHRHLRHALAH,0
755,1,LAELLAELLAELGGGGRRRRRRRRR,0
756,1,LAQLLAQLLAQLGGGGRRRRRRRRR,0
757,1,ACSSSPSKHCGGGGRRRRRRRRR,0
758,1,KLALKLALKALKAALKLA,0
759,1,RLALRLALRALRAALRLA,0
760,1,KLLKLLLKLWKKLLKLLK,0
761,1,RLLRLLLRLWRRLLRLLR,0
762,1,ACSSSPSKHCG,0
763,1,NYRWRCKNQN,0
764,1,RRRRRRRRR,0
765,1,RQIKIWFQNRRMKWKK,0
766,1,RKKRRQRRR,0
767,1,GWTLNSAGYLLGKINLKALAALAKKIL,0
768,1,RPARPAR,0
769,1,CGGGARKKAAKAARKKAAKAARKKAAKAARKKAAKA,0
770,1,CGGGGYGRKKRRQRRR,0
771,1,YKQCHKKGGKKGSG,0
772,1,YKQSHKKGGKKGSG,0
773,1,YRQSHRRGGRRGSG,0
774,1,WKQSHKKGGKKGSG,0
775,1,AGYLLGKINLKALAALAKKIL,0
776,1,RQIKIWFQNRRMKWKK,0
777,1,RRRRRRRRR,0
778,1,MVTVLFRRLRIRRACGPPRVRV,0
787,1,GRKKRRQRRRPPQ,0
788,1,LGISYGRKKRRQRRRPPQ,0
789,1,FITKALGISYGRKKRRQRRRPPQ,0
790,1,FITKALGISYGRKKRR,0
791,1,GRKKRRQRRR,0
792,1,RKKRRQRRR,0
793,1,RKKRRQRR,0
794,1,RKKRRQR,0
795,1,KKRRQRRR,0
796,1,KRRQRRR,0
797,1,RRRQRRKKR,0
798,1,AKKRRQRRR,0
799,1,RAKRRQRRR,0
800,1,RKARRQRRR,0
801,1,RKKARQRRR,0
802,1,RKKRAQRRR,0
803,1,RKKRRARRR,0
804,1,RKKRRQARR,0
805,1,RKKRRQRAR,0
806,1,RKKRRQRRA,0
807,1,GRKKRRQRRPPQC,0
808,1,GRKKRRQRPPQC,0
809,1,GRKKRRQPPQC,0
810,1,GRKKRRQRRRC,0
811,1,GRKKRRQRARPPQC,0
812,1,GRKKRRQARAPPQC,0
813,1,TRQARRNRRRRWRERQR,0
814,1,RRRR,0
815,1,RRRRR,0
816,1,RRRRRR,0
817,1,RRRRRRR,0
818,1,RRRRRRRR,0
819,1,RRRRRRRRR,0
820,1,RRRRRRRRRRR,0
821,1,RRRRRRRRRRRR,0
822,1,RRRRRRRRRRRRRRRR,0
823,1,GWTLNSAGYLLGKINLKALAALAKKIL,0
824,1,GWTLNSAGYLLGKINLKALAALAKKLL,0
825,1,GWTLNSAGYLLGKFLPLILRKIVTAL,0
826,1,GWTLNPAGYLLGKINLKALAALAKKIL,0
827,1,GWTLNPPGYLLGKINLKALAALAKKIL,0
828,1,LNSAGYLLGKINLKALAALAKKIL,0
829,1,LLGKINLKALAALAKKIL,0
830,1,GWTLNSAGYLLGKLKALAALAKKIL,0
831,1,AGYLLGKINLKALAALAKKIL,0
832,1,GWTLNSKINLKALAALAKKIL,0
833,1,LNSAGYLLGKLKALAALAKIL,0
834,1,LNSAGYLLGKALAALAKKIL,0
835,1,AGYLLGKLKALAALAKKIL,0
836,1,LNSAGYLLGKLKALAALAK,0
837,1,GWTLNSAGYLLGKINLKAPAALAKKIL,0
838,1,GWTLNSAGYLLGPHAVGNHRSFSDKNGLTS,0
839,1,INLKALAALAKKIL,0
840,1,KLALKLALKALKAALKLA,0
841,1,KLALKLALKAWKAALKLA,0
842,1,KLALKAALKAWKAAAKLA,0
843,1,KLALKAAAKAWKAAAKAA,0
844,1,KITLKLAIKAWKLALKAA,0
845,1,KIAAKSIAKIWKSILKIA,0
846,1,KALAKALAKLWKALAKAA,0
847,1,KLALKLALKWAKLALKAA,0
848,1,KLLAKAAKKWLLLALKAA,0
849,1,KLLAKAALKWLLKALKAA,0
850,1,KALKKLLAKWLAAAKALL,0
851,1,KLAAALLKKWKKLAAALL,0
852,1,KALAALLKKWAKLLAALK,0
853,1,KALAALLKKLAKLLAALK,0
854,1,KLALKLALKALKAALK,0
855,1,KLALKALKAALKLA,0
856,1,KLALKLALKALKAA,0
857,1,KLGLKLGLKGLKGGLKLG,0
858,1,KLALKLALKALQAALQLA,0
859,1,KLALQLALQALQAALQLA,0
860,1,QLALQLALQALQAALQLA,0
861,1,ELALELALEALEAALELA,0
862,1,LKTLATALTKLAKTLTTL,0
863,1,LLKTTALLKTTALLKTTA,0
864,1,LKTLTETLKELTKTLTEL,0
865,1,LLKTTELLKTTELLKTTE,0
866,1,RQIKIWFQNRRMKWKK,0
867,1,KALKLKLALALLAKLKLA,0
868,1,RQIKIWFQNRRMKWKK,0
869,1,KKWKMRRNQFWIKIQR,0
870,1,RQIKIWFPNRRMKWKK,0
871,1,RQPKIWFPNRRKPWKK,0
872,1,RQIKIWFQNRRMKWKK,0
873,1,RQIKIWFQNRRMKWK,0
874,1,RQIKIWFQNRRMKW,0
875,1,RQIKIWFQNRRMK,0
876,1,RQIKIWFQNRRM,0
877,1,RQIKIWFQNRR,0
878,1,RQIKIWFQNR,0
879,1,RQIKIWFQN,0
880,1,RQIKIWFQ,0
881,1,RQIKIW,0
882,1,QIKIWFQNRRMKWKK,0
883,1,IKIWFQNRRMKWKK,0
884,1,KIWFQNRRMKWKK,0
885,1,IWFQNRRMKWKK,0
886,1,WFQNRRMKWKK,0
887,1,FQNRRMKWKK,0
888,1,QNRRMKWKK,0
889,1,NRRMKWKK,0
890,1,RRMKWKK,0
891,1,RMKWKK,0
892,1,AQIKIWFQNRRMKWKK,0
893,1,RAIKIWFQNRRMKWKK,0
894,1,RQAKIWFQNRRMKWKK,0
895,1,RQIAIWFQNRRMKWKK,0
896,1,RQIKAWFQNRRMKWKK,0
897,1,RQIKIAFQNRRMKWKK,0
898,1,RQIKIWAQNRRMKWKK,0
899,1,RQIKIWFANRRMKWKK,0
900,1,RQIKIWFQARRMKWKK,0
901,1,RQIKIWFQNARMKWKK,0
902,1,RQIKIWFQNRAMKWKK,0
903,1,RQIKIWFQNRRAKWKK,0
904,1,RQIKIWFQNRRMAWKK,0
905,1,RQIKIWFQNRRMKAKK,0
906,1,RQIKIWFQNRRMKWAK,0
907,1,RQIKIWFQNRRMKWKA,0
908,1,CRQIKIWFPNRRMKWKKC,0
909,1,RQIKIWFPNRRMKWKK,0
910,1,RQIKIWFQNRRMKWKK,0
911,1,RQIKIFFQNRRMKFKK,0
912,1,RQIRIWFQNRRMRWRR,0
913,1,RRRRRRRW,0
914,1,GRKKRRQRRRPWQ,0
915,1,GRKKRRQRRRPWQ,0
916,1,RQIRIWFQNRRMRWRR,0
917,1,RRWRRWWRRWWRRWRR,0
918,1,RQIKIWFQNMRRKWKK,0
919,1,KMDCRWRWKCCKK,0
920,1,MDCRWRWKCCKK,0
921,1,DCRWRWKCCKK,0
922,1,CRWRWKCCKK,0
923,1,RWRWKCCKK,0
924,1,KMDCRWRWKCKK,0
925,1,KMDCRWRWKKK,0
926,1,KMDRWRWKKK,0
927,1,KDCRWRWKCCKK,0
928,1,KCRWRWKCCKK,0
929,1,KRWRWKCCKK,0
930,1,CRWRWKCSKK,0
931,1,SRWRWKCCKK,0
932,1,SRWRWKCSKK,0
933,1,SRWRWKSCKK,0
934,1,CRWRWKSSKK,0
935,1,SRWRWKSSKK,0
936,1,CRFRWKCCKK,0
937,1,CRWRFKCCKK,0
938,1,CRFRFKCCKK,0
939,1,KCCKWRWRCK,0
940,1,CRWRWKCGCKK,0
941,1,KCGCRWRWKCGCKK,0
942,1,CRWRWKCG,0
943,1,KMDCRWRWKCSKK,0
944,1,KMDCRWRWKSCKK,0
945,1,KMDSRWRWKCCKK,0
946,1,KMDCRWRWKSSKK,0
947,1,KMDSRWRWKSSKK,0
948,1,KMDSRWRWKSCKK,0
949,1,KMDSRWRWKCSKK,0
950,1,KMDCRWRPKCCKK,0
951,1,KMDCRPRPKCCKK,0
952,1,RQIKIWFQNRRMKWKK,0
953,1,RKKRRRESRKKRRRES,0
954,1,GRPRESGKKRKRKRLKP,0
955,1,GKRKKKGKLGKKRDP,0
956,1,GKRKKKGKLGKKRPRSR,0
957,1,RKKRRRESRRARRSPRHL,0
958,1,SRRARRSPRESGKKRKRKR,0
959,1,VKRGLKLRHVRPRVTRMDV,0
960,1,SRRARRSPRHLGSG,0
961,1,LRRERQSRLRRERQSR,0
962,1,GAYDLRRRERQSRLRRRERQSR,0
963,1,GRKKRRQRRRPPQ,0
964,1,VPMLK,0
965,1,VPTLK,0
966,1,VPALR,0
967,1,VSALK,0
968,1,PMLKE,0
969,1,VPALK,0
970,1,VSLKK,0
971,1,VSGKK,0
972,1,KLPVM,0
973,1,IPMIK,0
974,1,KLGVM,0
975,1,KLPVT,0
976,1,VPMIK,0
977,1,IPALK,0
978,1,IPMLK,0
979,1,VPTLQ,0
980,1,QLPVM,0
981,1,ELPVM,0
982,1,VPTLE,0
983,1,RRRRRRRR,0
984,1,AYRIKPTFRRLKWKYKGKFW,0
985,1,HARIKPTFRRLKWKYKGKFW,0
986,1,HYRIKPTARRLKWKYKGKFW,0
987,1,HYRIKPTFRRLAWKYKGKFW,0
988,1,HYRIKPTFRRLKWKYKGKFA,0
989,1,VNADIKATTVFGGKYVSLTTP,0
990,1,GKYVSLTTPKNPTKRRITPKDV,0
991,1,TKRRITPKDVIDVRSVTTEINT,0
992,1,RSVTTEINTLFQTLTSIAEKVDP,0
993,1,AEKVDPVKLNLTLSAAAEALTGLGDK,0
994,1,GLGDKFGESIVNANTVLDDLNSRMPQSRHDIQQL,0
995,1,GDVYADAAPDLFDFLDSSVTTARTINA,0
996,1,ARTINAQQAELDSALLAAAGFGNTTADVFDRG,0
997,1,ADVFDRGGPYLQRGVADLVPTATLLDTYSP,0
998,1,LDTYSPELFCTIRNFYDADRPDRGAAA,0
999,1,TKRRITPKDVIDVRSVTTEINT,0
1000,1,TKRRITPDDVIDVRSVTTEINT,0
1001,1,TKRRITPKKVIDVRSVTTEINT,0
1002,1,TKRRITPKDVIDVRSVTTKINT,0
1003,1,TKRRITPKDVIDV,0
1004,1,TKRRITPKDVIDVESVTTEINT,0
1005,1,TARRITPKDVIDVRSVTTEINT,0
1006,1,TKAARITPKDVIDVRSVTTEINT,0
1007,1,HHHHHHTKRRITPKDVIDVRSVTTEINT,0
1008,1,KLWMRWYSPTTRRYG,0
1009,1,DSLKSYWYLQKFSWR,0
1010,1,RTLVNEYKNTLKFSK,0
1011,1,IPSRWKDQFWKRWHY,0
1012,1,GYGNCRHFKQKPRRD,0
1013,1,KNAWKHSSCHHRHQI,0
1014,1,RVREWWYTITLKQES,0
1015,1,QQHLLIAINGYPRYN,0
1016,1,WKCRRQCFRVLHHWN,0
1017,1,RLWMRWYSPTTRRYG,0
1018,1,KLWMRWYSATTRRYG,0
1019,1,KLWMRWYSPWTRRYG,0
1020,1,RLWMRWYSPWTRRYG,0
1021,1,RLWMRWYSPWTRRWG,0
1022,1,ALWMRWYSPTTRRYG,0
1023,1,RAWMRWYSPTTRRYG,0
1024,1,RLAMRWYSPTTRRYG,0
1025,1,RLWARWYSPTTRRYG,0
1026,1,RLWMAWYSPTTRRYG,0
1027,1,RLWMRAYSPTTRRYG,0
1028,1,RLWMRWASPTTRRYG,0
1029,1,RLWMRWYAPTTRRYG,0
1030,1,RLWMRWYSPATRRYG,0
1031,1,RLWMRWYSPTARRYG,0
1032,1,RLWMRWYSPTTARYG,0
1033,1,RLWMRWYSPTTRAYG,0
1034,1,RLWMRWYSPTTRRAG,0
1035,1,RLWMRWYSPTTRRYA,0
1036,1,RLLMRLYSPTTRRYG,0
1037,1,RLFMRFYSPTTRRYG,0
1038,1,RLIMRIYSPTTRRYG,0
1039,1,RLVMRVYSPTTRRYG,0
1040,1,RLYMRYYSPTTRRYG,0
1041,1,YGRKKKRRQRRR,0
1042,1,LLIILRRRIRKQAHAHSK,0
1043,1,ALIILRRRIRKQAHAHSK,0
1044,1,LAIILRRRIRKQAHAHSK,0
1045,1,LLAILRRRIRKQAHAHSK,0
1046,1,LLIALRRRIRKQAHAHSK,0
1047,1,LLIIARRRIRKQAHAHSK,0
1048,1,LLIILARRIRKQAHAHSK,0
1049,1,LLIILRARIRKQAHAHSK,0
1050,1,LLIILRRAIRKQAHAHSK,0
1051,1,LLIILRRRARKQAHAHSK,0
1052,1,LLIILRRRIARKQAHAHSK,0
1053,1,LLIILRRRIRAQAHAHSK,0
1054,1,LLIILRRRIRKAAHAHSK,0
1055,1,LLIILRRRIRKQAAAHSK,0
1056,1,LLIILRRRIRKQAHAASK,0
1057,1,LLIILRRRIRKQAHAHAK,0
1058,1,LLIILRRRIRKQAHAHSA,0
1059,1,KSHAHAQKRIRRRLIILL,0
1060,1,RRIRPRP,0
1061,1,RRIRPRPPRLPRPRP,0
1062,1,RRIRPRPPRLPRPRPRPLPFPRPG,0
1063,1,RRIRPRPPRLPRPRPRP,0
1064,1,PRPPRLPRPRPRPLPFPRPG,0
1065,1,PPRLPRPRPRPLPFPRPG,0
1066,1,RLPRPRPRPLPFPRPG,0
1067,1,PRPRPRPLPFPRPG,0
1068,1,PRPRPLPFPRPG,0
1069,1,PRPLPFPRPG,0
1070,1,RKKRRQRRR,0
1071,1,RQGAARVTSWLGRQLRIAGKRLEGRSK,0
1072,1,RVTSWLGRQLRIAGKRLEGRSK,0
1073,1,GRQLRIAGKRLEGRSK,0
1074,1,RRVTSWLGRQLRIAGKRLEGRSK,0
1075,1,RVRSWLGRQLRIAGKRLEGRSK,0
1076,1,GRQLRIAGKRLRGRSK,0
1077,1,GRQLRIAGRRLRGRSR,0
1078,1,GRQLRRAGRRLRGRSR,0
1079,1,GRQLRIAGRRLRRRSR,0
1080,1,GRQLRRAGRRLRRRSR,0
1081,1,RQLRIAGRRLRGRSR,0
1082,1,KLIKGRTPIKFGKADCDRPPKHSQNGMGK,0
1083,1,KLIKGRTPIKFGKADCDRPPKHSQNGM,0
1084,1,KLIKGRTPIKFGKADCDRPPKHSQNGK,0
1085,1,KGRTPIKFGKADCDRPPKHSQNGMGK,0
1086,1,KLIKGRTPIKFGKADCDRPPKHSGK,0
1087,1,KLIKGRTPIKFGKARCRRPPKHSGK,0
1088,1,KLIKGRTPIKFGK,0
1089,1,KRIPNKKPGKKTTTKPTKKPTIKTTKKDLKPQTTKPK,0
1090,1,KRIPNKKPGKKTTTKPTKKPTIKTTKKDLK,0
1091,1,KRIPNKKPGKKTTTKPTKKPTIKTTKK,0
1092,1,KRIPNKKPGKKTTTKPTKKPTIK,0
1093,1,KRIPNKKPGKKTTTKPTKK,0
1094,1,KRIPNKKPGKKT,0
1095,1,KRIPNKKPGKK,0
1096,1,KRIPNKKPKK,0
1097,1,RRIPNRRPRR,0
1098,1,KKPGKKTTTKPTKKPTIKTTKK,0
1099,1,KKPGKKTTTKPTKK,0
1100,1,KKPTIKTTKK,0
1101,1,KKTTTKPTKK,0
1102,1,KSICKTIPSNKPKKK,0
1103,1,KTIPSNKPKKK,0
1104,1,KPRSKNPPKKPK,0
1105,1,DRDDRDDRDDRDDRDDR,0
1106,1,ERERERERERERER,0
1107,1,WRWRWRWRWRWRWR,0
1108,1,DRDRDRDRDR,0
1109,1,GALFLGFLGAAGSTMGAWSQPKKKRKV,0
1110,1,DRRRRGSRPSGAERRRRRAAAA,0
1111,1,DRRRRGSRPSGAERRRR,0
1112,1,QTRRRERRAEKQAQW,0
1113,1,RRRERRAEK,0
1114,1,NRARRNRRRVR,0
1115,1,RTRRNRRRVR,0
1116,1,RNRSRHRR,0
1117,1,KCPSRRPKR,0
1118,1,KRPAAIKKAGQAKKKK,0
1119,1,TRRSKRRSHRKF,0
1120,1,RAGLQFPVGRVHRLLRK,0
1121,1,MVRRFLVTLRIRRACGPPRVRV,0
1122,1,FVTRGCPRRLVARLIRVMVPRR,0
1123,1,VRRFLVTLRIRRA,0
1124,1,RVRILARFLRTRV,0
1125,1,RVRVFVVHIPRLT,0
1126,1,VIRVHFRLPVRTV,0
1127,1,MVRRFLVTLRIRRACGPPRVRVFVVHIPRLTGEWAAP,0
1128,1,FRVPLRIRPCVVAPRLVMVRHTFGRIARWVAGPLETR,0
1129,1,AGYLLGKINLKALAALAKKIL,0
1130,1,GTKMIFVGIKKKEERADLIAYLKKA,0
1131,1,KKKEERADLIAYLKKA,0
1132,1,KMIFVGIKKKEERA,0
1133,1,KMIFVGIKKK,0
1134,1,EKGKKIFIMK,0
1135,1,KGKKIFIMK,0
1136,1,RRRRNRTRRNRRRVRGC,0
1137,1,TRRQRTRRARRNRGC,0
1138,1,KMTRAQRRAAARRNRWTARGC,0
1139,1,KLTRAQRRAAARKNKRNTRGC,0
1140,1,NAKTRRHERRRKLAIERGC,0
1141,1,MDAQTRRRERRAEKQAQWKAANGC,0
1142,1,TAKTRYKARRAELIAERRGC,0
1144,1,KRRIRRERNKMAAAKSRNRRRELTDTGC,0
1145,1,RIKAERKRMRNRIAASKSRKRKLERIARGC,0
1146,1,KRARNTEAARRSRARKLQRMKQGC,0
1147,1,KCFQWQRNMRKVRGPPVSCIKR,0
1148,1,KCFQWQRNMRKVRGPPVSC,0
1149,1,KCFQWQRNMRKVRGPPVSSIKR,0
1150,1,KCFQWQRNMRKVR,0
1151,1,FQWQRNMRKVRGPPVS,0
1152,1,QWQRNMRKVRGPPVSCIKR,0
1153,1,QWQRNMRKVR,0
1154,1,RRRRRRRRR,0
1155,1,RQIKIWFQNRRMKWKK,0
1156,1,KCFMWQEMLNKAGVPKLRCARK,0
1157,1,KETWWETWWTEWSQPKKKRKV,0
1158,1,KETWFETWFTEWSQPKKKRKV,0
1159,1,KWFETWFTEWPKKRK,0
1160,1,GLWRALWRLLRSLWRLLWRA,0
1161,1,GLWWRLWWRLRSWFRLWFRA,0
1162,1,DAATATRGRSAASRPTQRPRAPARSASRPRRPVE,0
1163,1,GALFLGFLGAAGSTMGAWSQPKKKRKV,0
1164,1,GALFLGFLGAAGSTMGAWSQPKSKRKV,0
1165,1,AKVKDEPQRRSARLSAKPAPPKPEPKPKKAPAKK,0
1166,1,PLSSIFSRIGDP,0
1167,1,PSSSSSSRIGDP,0
1168,1,VELPPPVELPPPVELPPP,0
1169,1,ALWMTLLKKVLKAAAKAALNAVLVGANA,0
1170,1,ALWKTLLKKVLKA,0
1171,1,ALWKTLLKKVLKAPKKKRKV,0
1172,1,PKKKRKVALWKTLLKKVLKA,0
1173,1,VKRKKKPALWKTLLKKVLKA,0
1174,1,RQARRNRRRALWKTLLKKVLKA,0
1175,1,RQARRNRRRC,0
1176,1,GRKKRRQRRRPPQC,0
1177,1,EEEAAGRKRKKRT,0
1178,1,EEE,0
1179,1,EEEAA,0
1180,1,EEEAAKKK,0
1181,1,GRKRKKRT,0
1182,1,FFFAAGRKRKKRT,0
1183,1,NNNAAGRKRKKRT,0
1184,1,YYYAAGRKRKKRT,0
1185,1,MVTVLFRRLRIRRACGPPRVRV,0
1186,1,RQIKIWFQNRRMKWKK,0
1187,1,AGYLLGKINLKALAALAKKIL,0
1188,1,VQRKRQKLMP,0
1189,1,SKKKKTKV,0
1190,1,GRKRKKRT,0
1191,1,GKKKKRKREKL,0
1192,1,PKKKRKV,0
1193,1,ERKKRRRE,0
1194,1,FKKFRKF,0
1195,1,LGTYTQDFNKFHTFPQTAIGVGAP,0
1196,1,LGTYTQDFNKFHTFPQTAIGVGAP,0
1197,1,YTQDFNKFHTFPQTAIGVGAP,0
1198,1,DFNKFHTFPQTAIGVGAP,0
1199,1,KFHTFPQTAIGVGAP,0
1200,1,TFPQTAIGVGAP,0
1201,1,GYGRKKRRQRRRG,0
1202,1,GYGRKKRRQRRRG,0
1203,1,GYGRKKRRQRRRG,0
1204,1,RQIKIWFQNRRMKWKK,0
1205,1,RQIKIWFQNRRMKWKK,0
1206,1,RQIKIWFQNRRMKWKK,0
1207,1,FLGKKFKKYFLQLLK,0
1208,1,FLIFIRVICIVIAKLKANLMCKT,0
1209,1,KKAAQIRSQVMTHLRVI,0
1210,1,YIVLRRRRKRVNTKRS,0
1211,1,RRKLSQQKEKK,0
1212,1,VQAILRRNWNQYKIQ,0
1213,1,KTVLLRKLLKLLVRKI,0
1214,1,LLKKRKVVRLIKFLLK,0
1215,1,KLPCRSNTFLNIFRRKKPG,0
1216,1,KKICTRKPRFMSAWAQ,0
1217,1,RQIKIWFQNRRMKWKK,0
1218,1,RGGRLSYSRRRFSTSTGR,0
1219,1,RRLSYSRRRF,0
1220,1,RGGRLAYLRRRWAVLGR,0
1221,1,RQIKIWFQNRRMKWKK,0
1222,1,MANLGYWLLALFVTMWTDVGLCKKRPKP,0
1223,1,MANLGCWMLVLFVATWSDLGLCKKRPKP,0
1224,1,MVKSKIGSWILVLFVAMWSDVGLCKKRPKP,0
1225,1,LLGDFFRKSKEKIGKEFKRIVQRIKDFLRNLVPRTESC,0
1226,1,RQIKIWFQNRRMKWKK,0
1227,1,RVIRVWFQNKRCKDKK,0
1228,1,GIGKFLHSAKKWGKAFVGQIMNC,0
1229,1,TRSSRAGLQWPVGRVHRLLRKGGC,0
1230,1,YGRKKRRQRRR,0
1231,1,RHIKIWFQNRRMKWKK,0
1232,1,RKKRRQRRR,0
1233,1,RQIKIWFQNRRMKWKK,0
1234,1,SKRTRQTYTRYQTLELEKEFHFNRYITRRRRIDIANALSLSERQIKIWFQNRRMKSKKDR,0
1235,1,EKRPRTAFSSEQLARLKREFNENRYLTTERRRQQLSSELGLNEAQIKIWFQNKRAKIKKST,0
1236,1,GRRRRRRRRRPPQ,0
1237,1,GALFLGFLGAAGSTMGAWSQPKKKRKV,0
1238,1,GALFLAFLAAALSLMGLWSQPKKKRRV,0
1239,1,MLLLTRRRST,0
1240,1,CGNKRTRGC,0
1241,1,TSPLNIHNGQKL,0
1242,1,GLRKRLRKFRNKIKEK,0
1243,1,GLLEALAELLEGLRKRLRKFRNKIKEK,0
1244,1,CVQWSLLRGYQPC,0
1245,1,VRLPPP,0
1246,1,VRLPPPVRLPPP,0
1247,1,VRLPPPVRLPPPVRLPPP,0
1248,1,VHLPPP,0
1249,1,VHLPPPVHLPPP,0
1250,1,VHLPPPVHLPPPVHLPPP,0
1251,1,VKLPPP,0
1252,1,VKLPPPVKLPPP,0
1253,1,VKLPPPVKLPPPVKLPPP,0
1254,1,RQIKIWFQNRRMKWKK,0
1255,1,RQIKIFFQNRRMKWKK,0
1256,1,ASMWERVKSIIKSSLAAASNI,0
1257,1,ASMWERVKSIIKSSLAAASNI,0
1258,1,DPKGDPKGVTVTVTVTVTGKGDPKPD,0
1259,1,CSIPPEVKFNPFVYLI,0
1260,1,PFVYLI,0
1261,1,NKPILVFY,0
1262,1,YKQCHKKGGKKGSG,0
1264,1,GSGKKGGKKHCQKY,0
1265,1,GSGKKGGKKICQKY,0
1266,1,YTAIAWVKAFIRKLRK,0
1267,1,IAWVKAFIRKLRKGPLG,0
1268,1,LIRLWSHLIHIWFQNRRLKWKKK,0
1269,1,KKKKKKGGFLGFWRGENGRKTRSAYERMCILKGK,0
1270,1,RLSGMNEVLSFRWL,0
1271,1,GPFHFYQFLFPPV,0
1272,1,GSPWGLQHHPPRT,0
1273,1,AAVALLPAVLLALLAP,0
1274,1,AAVALLPAVLLALLAPEILLPNNYNAYESYKYPGMFIALSK,0
1275,1,AAVALLPAVLLALLAPVQRKRQKLMP,0
1276,1,WEAKLAKALAKALAKHLAKALAKALKACEA,0
1277,1,MGLGLHLLVLAAALQGAWSQPKKKRKV,0
1278,1,MGLGLHLLVLAAALQGAKKKRKV,0
1279,1,WEAALAEALAEALAEHLAEALAEALEALAA,0
1280,1,GLFEALLELLESLWELLLEA,0
1281,1,GLFKALLKLLKSLWKLLLKA,0
1282,1,GLFRALLRLLRSLWRLLLRA,0
1283,1,CGAYDLRRRERQSRLRRRERQSR,0
1284,1,RKKRRRESRKKRRRESC,0
1285,1,CVKRGLKLRHVRPRVTRDV,0
1286,1,CRQIKIWFQNRRMKWKK,0
1287,1,YARAAARQARA,0
1288,1,PPKKSAQCLRYKKPE,0
1289,1,DPVDTPNPTRRKPGK,0
1290,1,KRVSRNKSEKKRR,0
1291,1,GRRHHCRSKAKRSRHH,0
1292,1,SARHHCRSKAKRSRHH,0
1293,1,SRAHHCRSKAKRSRHH,0
1294,1,SRRAHCRSKAKRSRHH,0
1295,1,SRRHACRSKAKRSRHH,0
1296,1,SRRHHARSKAKRSRHH,0
1297,1,SRRHHCRAKAKRSRHH,0
1298,1,SRRHHCRSAAKRSRHH,0
1299,1,SRRHHCRSKAARSRHH,0
1300,1,SRRHHCRSKAKASRHH,0
1301,1,SRRHHCRSKAKRARHH,0
1302,1,SRRHHCRSKAKRSAHH,0
1303,1,RRHHCRSKAKRSR,0
1304,1,GRKGKHKRKKLP,0
1305,1,GKKKKKKKKK,0
1306,1,GKRVAKRKLIEQNRERRR,0
1307,1,GRKLKKKKNEKEDKRPRT,0
1308,1,GKKTNLFSALIKKKKTA,0
1309,1,GRRERNKMAAAKCRNRRR,0
1310,1,GKRARNTEAARRSRARKL,0
1311,1,GRRRRATAKYRTAH,0
1312,1,GKRRRRATAKYRSAH,0
1313,1,GRRRRKRLSHRT,0
1314,1,GRRRRRERNK,0
1315,1,GKHRHERGHHRDRRER,0
1316,1,GKKKRKLSNRESAKRSR,0
1317,1,MIIYRDLISH,0
1318,1,MIIYRDLIS,0
1319,1,MIIYRDLI,0
1320,1,IIYRDLISH,0
1321,1,MIIYRDL,0
1322,1,MIIYRD,0
1323,1,IYRDLISH,0
1324,1,AIIYRDLIS,0
1325,1,MAIYRDLIS,0
1326,1,MIAYRDLIS,0
1327,1,MIIARDLIS,0
1328,1,MIIYADLIS,0
1329,1,MIIYRALIS,0
1330,1,MIIYRDAIS,0
1331,1,MIIYRDLAS,0
1332,1,MIIYRDLIA,0
1333,1,MIIYRDLISKK,0
1334,1,MIIYRDKKSH,0
1335,1,MIIFRDLISH,0
1336,1,MIISRDLISH,0
1337,1,QIISRDLISH,0
1338,1,CIISRDLISH,0
1339,1,MIIYRALISHKK,0
1340,1,MIIYRIAASHKK,0
1341,1,MIIRRDLISE,0
1342,1,MIIYRAEISH,0
1343,1,MIIYARRAEE,0
1344,1,MIIFRIAASHKK,0
1345,1,MIIFRALISHKK,0
1346,1,MIIFRAAASHKK,0
1347,1,FIIFRIAASHKK,0
1348,1,LIIFRIAASHKK,0
1349,1,WIIFRIAASHKK,0
1350,1,WIIFRAAASHKK,0
1351,1,WIIFRALISHKK,0
1352,1,MIIFRIAAYHKK,0
1353,1,WIIFRIAAYHKK,0
1354,1,MIIFRIAATHKK,0
1355,1,WIIFRIAATHKK,0
1356,1,MIIFKIAASHKK,0
1357,1,WIIFKIAASHKK,0
1358,1,MIIFAIAASHKK,0
1359,1,LIIFRILISHKK,0
1360,1,MIIFRILISHKK,0
1361,1,LIIFRILISHRR,0
1362,1,LIIFRILISHHH,0
1363,1,LIIFRILISHK,0
1364,1,LIIFRILISHR,0
1365,1,LIIFRILISH,0
1366,1,LIIFAIAASHKK,0
1367,1,LIIFAILISHKK,0
1368,1,RILQQLLFIHFRIGCRHSRI,0
1369,1,RILQQLLFIHFRIGCRH,0
1370,1,RILQQLLFIHFRIGC,0
1371,1,RIFIHFRIGC,0
1372,1,RIFIRIGC,0
1373,1,RILQQLLFIHF,0
1374,1,RIFIGC,0
1375,1,FIRIGC,0
1376,1,DTWAGVEAIIRILQQLLFIHFR,0
1377,1,IGCRH,0
1378,1,RQIKIWFQNRRMKWKK,0
1379,1,GYGRKKRRGRRRTHRLPRRRRRR,0
1380,1,KRIIQRILSRNS,0
1381,1,KRIHPRLTRSIR,0
1382,1,PPRLRKRRQLNM,0
1383,1,PIRRRKKLRRLK,0
1384,1,RRQRRTSKLMKR,0
1385,1,MHKRPTTPSRKM,0
1386,1,RQRSRRRPLNIR,0
1387,1,RIRMIQNLIKKT,0
1388,1,SRRKRQRSNMRI,0
1389,1,QRIRKSKISRTL,0
1390,1,PSKRLLHNNLRR,0
1391,1,HRHIRRQSLIML,0
1392,1,PQNRLQIRRHSK,0
1393,1,PPHNRIQRRLNM,0
1394,1,SMLKRNHSTSNR,0
1395,1,GSRHPSLIIPRQ,0
1396,1,SPMQKTMNLPPM,0
1397,1,NKRILIRIMTRP,0
1400,1,PNTRVRPDVSF,0
1401,1,LTRNYEAWVPTP,0
1402,1,SAETVESCLAKSH,0
1403,1,YSHIATLPFTPT,0
1404,1,SYIQRTPSTTLP,0
1405,1,AVPAENALNNPF,0
1406,1,SFHQFARATLAS,0
1407,1,QSPTDFTFPNPL,0
1408,1,HFAAWGGWSLVH,0
1409,1,HIQLSPFSQSWR,0
1410,1,LTMPSDLQPVLW,0
1411,1,FQPYDHPAEVSY,0
1412,1,FDPFFWKYSPRD,0
1413,1,FAPWDTASFMLG,0
1414,1,FTYKNFFWLPEL,0
1415,1,SATGAPWKMWVR,0
1416,1,SLGWMLPFSPPF,0
1417,1,SHAFTWPTYLQL,0
1418,1,SHNWLPLWPLRP,0
1419,1,SWLPYPWHVPSS,0
1420,1,SWWTPWHVHSES,0
1421,1,SWAQHLSLPPVL,0
1422,1,SSSIFPPWLSFF,0
1423,1,LNVPPSWFLSQR,0
1424,1,LDITPFLSLTLP,0
1425,1,LPHPVLHMGPLR,0
1426,1,VSKQPYYMWNGN,0
1427,1,NYTTYKSHFQDR,0
1428,1,AIPNNQLGFPFK,0
1429,1,NIENSTLATPLS,0
1430,1,YPYDANHTRSPT,0
1431,1,DPATNPGPHFPR,0
1432,1,TLPSPLALLTVH,0
1433,1,HPGSPFPPEHRP,0
1434,1,TSHTDAPPARSP,0
1435,1,MTPSSLSTLPWP,0
1436,1,VLGQSGYLMPMR,0
1437,1,QPIIITSPYLPS,0
1438,1,TPKTMTQTYDFS,0
1439,1,NSGTMQSASRAT,0
1440,1,QAASRVENYMHR,0
1441,1,HQHKPPPLTNNW,0
1442,1,SNPWDSLLSVST,0
1443,1,KTIEAHPPYYAS,0
1444,1,EPDNWSLDFPRR,0
1445,1,HQHKPPPLTNNW,0
1446,1,GLWRALWRLLRSLWRLLWKA,0
1447,1,GLWRALWRALWRSLWKLKRKV,0
1448,1,GLWRALWRALRSLWKLKRKV,0
1449,1,GLWRALWRGLRSLWKLKRKV,0
1450,1,GLWRALWRGLRSLWKKKRKV,0
1451,1,GLWRALWRALWRSLWKLKWKV,0
1452,1,GLWRALWRALWRSLWKSKRKV,0
1453,1,GLWRALWRALWRSLWKKKRKV,0
1454,1,GLWRALWRALWRSLWKLKRKV,0
1455,1,GLWRALWRLLRSLWRLLWSQPKKKRKV,0
1456,1,YARAARRAARR,0
1457,1,PARAARRAARR,0
1458,1,YPRAARRAARR,0
1459,1,YRRAARRAARA,0
1460,1,YGRAARRAARR,0
1461,1,YAREARRAARR,0
1462,1,YEREARRAARR,0
1463,1,YKRAARRAARR,0
1464,1,YARKARRAARR,0
1465,1,YKRKARRAARR,0
1466,1,YGRRARRAARR,0
1467,1,YGRRARRRARR,0
1468,1,YGRRARRRRRR,0
1469,1,YGRRRRRRRRR,0
1470,1,YRRRRRRRRRR,0
1471,1,GKINLKALAALAKKIL,0
1472,1,RVIRVWFQNKRCKDKK,0
1473,1,GRKKRRQRRRPPQGRKKRRQRRRPPQGRKKRRQRRRPPQ,0
1474,1,GEQIAQLIAGYIDIILKKKKSK,0
1475,1,GRKKRRQRRRPPQC,0
1476,1,AAVALLPAVLLALLAPRKKRRQRRRPPQ,0
1477,1,AAVALLPAVLLALLAPRKKRRQRRRPPQC,0
1478,1,AAVALLPAVLLALLAPRKKRRQRRRPPQ,0
1479,1,RKKRRQRRRPPQCAAVALLPAVLLALLAP,0
1480,1,RRRQRRKRGGDIMGEWGNEIFGAIAGFLG,0
1481,1,RRRQRRKRGGDIMGEWGNEIFGAIAGFLG,0
1482,1,YGRKKRRQRRRGCYGRKKRRQRRRG,0
1483,1,GRKKRRQRRRPPQ,0
1484,1,AAVALLPAVLLALLAPRRRRRR,0
1485,1,RLWRALPRVLRRLLRP,0
1486,1,AAVALLPAVLLALLAPSGASGLDKRDYV,0
1487,1,LLETLLKPFQCRICMRNFSTRQARRNHRRRHRR,0
1488,1,AAVACRICMRNFSTRQARRNHRRRHRR,0
1489,1,RQIKIWFQNRRMKWKK,0
1490,1,RQIKIWFQNRRMKWKK,0
1491,1,RQIKIWFQNRRMKWKKDIMGEWGNEIFGAIAGFLG,0
1492,1,SGRGKQGGKARAKAKTRSSRAGLQFPVGRVHRLLRKG,0
1493,1,SGRGKQGGKARAKAKTRSSRAGLQFPVGRVHRLLRKGC,0
1494,1,KKDGKKRKRSRKESYSVYVYKVLKQ,0
1495,1,KGSKKAVTKAQKKDGKKRKRSRKESYSVYVYKVLKQ,0
1496,1,GWTLNSAGYLLGKINLKALAALAKKIL,0
1497,1,KLALKLALKALKAALKLA,0
1498,1,KETWWETWWTEWSQPKKKRKV,0
1499,1,KETWWETWWTEWSQPGRKKRRQRRRPPQ,0
1500,1,RVIRWFQNKRCKDKK,0
1501,1,LGLLLRHLRHHSNLLANI,0
1502,1,KLWSAWPSLWSSLWKP,0
1503,1,GLGSLLKKAGKKLKQPKSKRKV,0
1504,1,YRFK,0
1505,1,YRFKYRFKYRLFK,0
1506,1,WRFKKSKRKV,0
1507,1,WRFKAAVALLPAVLLALLAP,0
1508,1,WRFKWRFK,0
1509,1,WRFKWRFKWRFK,0
1510,1,KGSKKAVTKAQKKDGKKRKRSRKESYSVYVYKVLKQ,0
1511,1,RGSRRAVTRAQRRDGRRRRRSRRESYSVYVYRVLRQ,0
1512,1,RVIRWFQNKRSKDKK,0
1513,1,GWTLNSAGYLLGKINLKALAALAKKIL,0
1514,1,AAVALLPAVLLALLAPRKKRRQRRRPPQ,0
1515,1,CWKKK,0
1516,1,CWKKKKKKKK,0
1517,1,CWKKKKKKKKKKKKK,0
1518,1,CWKKKKKKKKKKKKKKKKKK,0
1519,1,KKKKKKKKKKKKKKKKKKK,0
1520,1,APWHLSSQYSRT,0
1521,1,AAVALLPAVLLALLAKKNNLKDCGLF,0
1522,1,AAVALLPAVLLALLAKKNNLKECGLY,0
1523,1,AAVALLPAVLLALLAVTDQLGEDFFAVDLEAFLQEFGLLPEKE,0
1524,1,AAVALLPAVLLALLAK,0
1525,1,AHALCLTERQIKIWFQNRRMKWKKEN,0
1526,1,AHALCPPERQIKIWFQNRRMKWKKEN,0
1527,1,AYALCLTERQIKIWFANRRMKWKKEN,0
1528,1,GGVCPKILKKCRRDSDCPGACICRGNGYCGSGSD,0
1529,1,GGVCPKILAACRRDSDCPGACICRGNGYCGSGSD,0
1530,1,GGVCPAILKKCRRDSDCPGACICRGNGYCGSGSD,0
1531,1,GGVCPKILAKCRRDSDCPGACICRGNGYCGSGSD,0
1532,1,GGVCPKILKACRRDSDCPGACICRGNGYCGSGSD,0
1533,1,GLPVCGETCVGGTCNTPGCKCSWPVCTRN,0
1534,1,GLPVCGETCVGGTCNTPGCTCSWPKCTRN,0
1535,1,GRCTKSIPPICFPD,0
1536,1,RQIKIWFQNRRMKWKK,0
1537,1,RQIKIWFQNRRMKWKKTYADFIASGRTGRRNAI,0
1538,1,GRKKRRQRRRPPQ,0
1539,1,GRKKRRQRRRPPQTYADFIASGRTGRRNAI,0
1540,1,AGYLLGKINLKALAALAKKIL,0
1541,1,AGYLLGKINLKALAALAKKILTYADFIASGRTGRRNAI,0
1542,1,RRRRRRRRRRR,0
1543,1,RRRRRRRRRRRTYADFIASGRTGRRNAI,0
1544,1,RRRRRRRRR,0
1545,1,RRRRRRRRR,0
1546,1,RRRRRRRRR,0
1547,1,RQIKIWFQNRRMKWKK,0
1548,1,RQIKIWFQNRRMKWKK,0
1549,1,KCFQWQRNMRKVRGPPVSCIKR,0
1550,1,KCFQWQRNMRKVRGPPVSCIKR,0
1551,1,KLALKLALKALKAALKLAGC,0
1552,1,GGGARKKAAKAARKKAAKAARKKAAKAARKKAAKA,0
1553,1,GRKKRRQRRRPPQC,0
1554,1,TRQARRNRRRRWRERQRGC,0
1555,1,RRRRNRTRRNRRRVRGC,0
1556,1,KMTRAQRRAAARRNRWTARGC,0
1557,1,TRRQRTRRARRNRGC,0
1558,1,RIKAERKRMRNRIAASKSRKRKLERIARGC,0
1559,1,KRRIRRERNKMAAAKSRNRRRELTDTGC,0
1560,1,WLRRIKAWLRRIKALNRQLGVAA,0
1561,1,GRKKRRQRRRPP,0
1562,1,RRRRRRRRR,0
1563,1,RRRRRRRR,0
