,uptake_type,sequence
0,0,GTRTDSREDEI
1,0,VLPAWQGYHPM
2,0,AQPLWGLLSFLPL
3,0,LPLESGNCAPF
4,0,LFWLGWLGML
5,0,LLPVAAAQTTP
6,0,SNIAIVLGPN
7,0,VGKVTITATLI
8,0,EPEAWKTYTERRNA
9,0,AQIASGMRYL
10,0,LPGEEGTAERI
11,0,YIGKTMDYRGTMI
12,0,LSSAAPSPLSSSLG
13,0,YRNNIFKKKIDE
14,0,QNLHGQSPHG
15,0,KSWFSDPSDT
16,0,THCSAQRPDVCRWL
17,0,FLLATILGTACLA
18,0,VSTVGIDFKVKTVF
19,0,SRPSSDLNNSTLQS
20,0,PPLKNGEVLLEA
21,0,GPALVSAGLGRPTR
22,0,SPIFGLWSNY
23,0,TIHVAIVCAGYNA
24,0,QREDLEQVRQ
25,0,AVFYTTLTPMLN
26,0,CEGTDARPYCK
27,0,HDSEGKTAFHL
28,0,RPRPSWITTMYG
29,0,FIRLRDPRNI
30,0,VAELKNRTQL
31,0,ILQNKSDDLPHWVL
32,0,KEGRWVIYNDQ
33,0,YYNINQVTLGRRS
34,0,IRLLLEYTDSSYE
35,0,LPSTTQPKGR
36,0,FKELDDDMDG
37,0,SGFRVEVVDG
38,0,LLGKEDAARE
39,0,LVAGSMLAPGG
40,0,QSADKLYIQTTTL
41,0,NSSVQMPVISQ
42,0,APRRYCVRPNSG
43,0,QPSKNMFEKIHQ
44,0,DLHDMLASLGKNPT
45,0,NARSIPRTVPPDVI
46,0,SGSLRTSQKRS
47,0,CKPALLQSSVKQQ
48,0,IIMALGVFFG
49,0,LLLLHGGGHSALSW
50,0,FLHMGTQARQ
51,0,YRHFKNTLIFA
52,0,LPALPTGVPPVPTQ
53,0,RETTDYLVQGY
54,0,ELGKDLSFLHS
55,0,CAACHGCLFIA
56,0,PNYLGDLIMALAW
57,0,KAGLTMNDIDAFEF
58,0,SRFIFNPDLRSPSV
59,0,LNFQEKKASP
60,0,ACRHFRINYAD
61,0,VRKTLDMIKKI
62,0,TPSPQKPAQGCRK
63,0,VSFQARFAEKEEL
64,0,AAGGALQSTAS
65,0,AGRIQMLLRSD
66,0,ADVKNLMSYVVT
67,0,HTGEKSNSKTECV
68,0,MGSVRKDIDGSGVN
69,0,GSVPNKFYVHNDM
70,0,LSPQRLCQVP
71,0,VLEITLAVILT
72,0,TSYKNGDPELNV
73,0,FWLGLIICPM
74,0,HLSGEASTARTCPQ
75,0,ATEEEVTPQHRLW
76,0,GFGGKKKGSKWN
77,0,PNDPYEEHGLILP
78,0,QFQASPCPKEA
79,0,LLILEPDKQEALI
80,0,ESGRTAVLSEDAS
81,0,NPATEESGSDS
82,0,LTCCLRLTVGAQSR
83,0,YFSLWLLAIGW
84,0,RRSTRHSANCDRLS
85,0,LAQVYLLPDF
86,0,LSRQNAFQVIAVDG
87,0,LLNNEFVEFTLSV
88,0,ELCAWDVQEGTM
89,0,YELSVLCDCEI
90,0,FCLEEWQCLDIA
91,0,GANAGVGEELAYHY
92,0,VGDIKILWHTM
93,0,MGELMAFLLPLII
94,0,NYYWVPLLTVIF
95,0,EQREEIIRLKQEK
96,0,KLSALPMTADIL
97,0,RGLMLLGPGPVAGP
98,0,MAFLKLRDQACDW
99,0,KKVRMGAGAD
100,0,SGQYTHKVYHVGS
101,0,PRRKALPPRTEKM
102,0,QTILIPQFELPLST
103,0,TSTCWLQEVP
104,0,SLSNFIESVKEE
105,0,ECICDTGYSGDD
106,0,LFKTLLGGTGKA
107,0,SDDHCHLILPDSE
108,0,AHFILERKGLSR
109,0,QLTQLERTRQ
110,0,DDENFMKYMMS
111,0,AEFWNTVSNL
112,0,NIKIKPLQSKDI
113,0,PHCSQLTASGASSP
114,0,NKVVCSSPLCPAYR
115,0,HEPQCLKKWHNE
116,0,LAARSSQAKAI
117,0,PKRSQTSTADSD
118,0,AAQEGAVAFAA
119,0,IRKEGFFTVPP
120,0,ISSYLQPPVAVV
121,0,EEISLEDEAVDKNI
122,0,TVLVIFIIIIIVWV
123,0,REKVIQDKTNSN
124,0,QKTKIEIGDT
125,0,FCSEYRPKIKGEHPGLS
126,0,LRHDPHKLLEGCLVGGRA
127,0,PDGLSLKSISSVNVDEL
128,0,VHRYSVETVQWYPHDTGM
129,0,HWRSGRTICIKTHES
130,0,KAKELYEPIWQNFTDPQL
131,0,QEDADIQVGGVRAQLMHIS
132,0,TLSRAAVSVQERRAQ
133,0,SASLESVESPKSDEEAEST
134,0,MTSPEIASLSWGQMKVKG
135,0,PVIDYIDSKFEDYLNA
136,0,VFDLLNIVPWLKKYGTNPS
137,0,LQRRNQGGIFGSILSTLR
138,0,LMQLRDLDLSYGGLAFLS
139,0,QMHVYSLGMTLYWSAGFHV
140,0,VRARGLPWQSSDQDV
141,0,VSWLSKEWAKRAALPS
142,0,QRAPQMPDSQRGRVAEE
143,0,RVAKLVASSLQTPVNP
144,0,KYVQKDGHHCCLKCFDK
145,0,VPLRYVKFQNVNSVT
146,0,DAKVISVSTGTKCING
147,0,VEMHHEALSEALPGDN
148,0,PPVRNTEMDHDGTPENEG
149,0,SPCPQPLAFSSVETMEG
150,0,FHWSAPFSAWLGTVLTHLH
151,0,WPESTTVKQMPATVYIRF
152,0,IHGWTMSGIFENWLHK
153,0,KNDWEVQYQQDTPVAPR
154,0,PDMVPLPRRISQRVVSL
155,0,VLKAVENINNTLGPALLQ
156,0,EENFNPNCSFWSYSKR
157,0,IDGHMVNLDKGFVCIVTN
158,0,FLCPPRPSLPFQSSALSR
159,0,RADEKEPSGPYESDEDKS
160,0,SVKAALQVAEVLEAIVSC
161,0,DCMLVVKGVCFKAHK
162,0,CTIACRGKNMEVRLIFLS
163,0,PSQIDNNEPYMKIPCNDS
164,0,GPKAVACTFAREHLDM
165,0,FFCLRFTCKGLNIVHRI
166,0,EHTCYDAMATSSKLVIFDT
167,0,NIEGMILLSELSRRRIRSI
168,0,ARPTRMLFVTPRRQHE
169,0,QTPETSTFRNQMPSPTSTG
170,0,CLVPPAGSFLRTDGEDQRV
171,0,XLCLLKWISERGSWTCEL
172,0,WAYLSNRQRRFSILGG
173,0,SQQNAKDFFRVLNLNKK
174,0,PLVECNSKLDPTKTTLL
175,0,DIKHNQVSAQPVPQEPSRK
176,0,PLPTSGRWWLGAASW
177,0,PRHLRSSLHSPTGSKS
178,0,LRKIHALCEEHFSPAS
179,0,GETTRKIALETERPPQVEV
180,0,MWNNLNDSEKQPYIT
181,0,RTVVRTVTLSTKQGE
182,0,FFQKAIEGFNQSSHQK
183,0,RNVRSLGADCQGKGWK
184,0,GLLVFVRNLLLALCLFLVL
185,0,SGYPPFVGRCGSDCGWDR
186,0,IDDTSSEVLDELYRV
187,0,VDNMKQMIFRGGLSH
188,0,EMTAVVKIEKGVGGNN
189,0,PAAGDGKTEQKGGDKKRGV
190,0,MMIKRCFGYQSKSQYRI
191,0,TENEIKSRDPIRCRECGYR
192,0,WTAYQKYLYWLMCLVYL
193,0,MLRMQKGDPQVYEEL
194,0,ANAAATATETTCQDVAA
195,0,KRKRSPPLGGAPSPS
196,0,SIGSSFPRMFSDCSQAY
197,0,QGAVRRGGSSMAYKAHA
198,0,LVTRNACHLTGGLDW
199,0,PRSSRNSSIEAFAVCQ
200,0,YPGVIYVPEPWAFYT
201,0,PGRSVKLCCPGVTAGKFN
202,0,TGPPMGVPPPPPPAPDY
203,0,EDEEGYNDGEVDGEEDEEE
204,0,MYFNRTSLPWQGLKRQC
205,0,SEGLSNYSIIDKLVNIV
206,0,GQLSAGRRHETTSSIAS
207,0,YADTCFSTIKLKAED
208,0,TAPRQVSALHHKDIAL
209,0,DMLLFDEQEKGIVTKFY
210,0,ISCVGSFILAVCLRIQ
211,0,QMESLIRYIKVIGGP
212,0,GKTENKGKTGDEEMLKDK
213,0,DIKDVGQMLMGKLAVIR
214,0,RKSLKVVPEGIRMNKTVAV
215,0,ADMNTFPTFKFEDPKF
216,0,DADLARFEADLKDKM
217,0,KERTCLHYAVKKKFTF
218,0,ALSLQQQQPRGPLGL
219,0,PHNDQVIASGSEDCTVM
220,0,MERARQQVASLIGAD
221,0,PTTLLPSSSQLPTDGWKS
222,0,DVATGSLGQGLGAACGMA
223,0,RPKPRPQPQPGNSGNSGGY
224,0,FRFDGQPINETDTPAQLE
225,0,FPGEYIPTVFDNYSAN
226,0,PRNAQVALTIWDVYGPGKA
227,0,IACLMDMNALLDRFHNYIL
228,0,EAGGGQLGSTAQGLFSR
229,0,ATYGQTAYATSYGQPPTG
230,0,AEDDPVVPFQLGRKLY
231,0,HYPNVMNMRVCIQLVFALW
232,0,FKAYVSLFMRHLCEPGAD
233,0,MAERPTAAPRSMTHAK
234,0,PTSNHGPDATEAEEDFVD
235,0,FRMYSKGASEIVLKKCCK
236,0,KEKIEYKCSEREQRFIQ
237,0,IQRFGVKQQELCDIL
238,0,LYVQFGSSGWRRVCL
239,0,QSFYPWEWGEKGISTAR
240,0,PSKDRKRHRSRDRRRGGS
241,0,QHKIKQEEILKEINKIV
242,0,KLVEVIKTPMTSQKTF
243,0,MCGPPSTRMLAPRSAASD
244,0,QVQENGFVKKLEPKSGW
245,0,AALSSVKVGGVATAAAAV
246,0,NLREDGEKAAREVKLLL
247,0,ALLQKLASPNLSRLVQEC
248,0,LACYAGHLDVVKYLR
249,0,EHHSILCSILYAVMRF
250,0,CSDGWDRTAQLTSLAM
251,0,NPESQEMLEEQLVRMLT
252,0,QGGKDITEEIMSGGGSRNP
253,0,GYLFLDIITYLVFAVTFVL
254,0,KEDMVELLLLQNAQVHQLV
255,0,RLNTIQSDKFLNLLLSMVP
256,0,NFLRFQIEEKKQREE
257,0,KKEKGSFLSNKWKKFW
258,0,SDSSDSDEDSSSLYE
259,0,LHSEKNVVYRDLKLENL
260,0,PQLSICEPSHFGPSF
261,0,QDGKAKTHISRLPPGAVA
262,0,EELRGQIREEKARTRELET
263,0,QFNYTHICAGASAFG
264,0,HPKEKVIPDEVHQNQ
265,0,HDYCTTPGGTLFSTTPG
266,0,PFGSSLSRSSSPYLPAPR
267,0,YDPPVVMNADTLSYCQK
268,0,IIVQKIQPYTEQSMSAELFRP
269,0,GSSLNIMRNLVKAPQQKAEQN
270,0,FLRTFYTHQELWCKAPVKPGASP
271,0,SVVSLSQALTFFPQPKMDELQLFR
272,0,SSTLKKHKIVHTGEKLYTCEECGK
273,0,HSEVDKVLSGLEILSKVFDQQSS
274,0,AQSGVWNDDSMLGPSQNFEA
275,0,CIINLDKHRLIMGKTDKEEIPF
276,0,LVDELDLTDKHREAMFALPAE
277,0,LSKIQTLKLAARYIDFLYQVLQ
278,0,VMSSFLETAQPALRALDGLQREA
279,0,FTYSTSAPGPALSPSVPLHYL
280,0,VVMTTHFHLKRKIGYFVIQTYL
281,0,IPIDFYYFMAKIFIHKGRTCRV
282,0,SKRLNHRNYLLESPHRFSVADLQ
283,0,DIKSGKLSRELDFVSHHVRT
284,0,KSSTVLMKMMSALSQVKESL
285,0,QKRDGVSLFRPGWSAVARSWLT
286,0,VVLKTVLENEDDMLLFDEQEKG
287,0,SSASTGQATPLPVTIPSSSS
288,0,SGGEPDVFPTVPFHEEFESGT
289,0,LFISGACDASAKLWDVREGT
290,0,VGMNIDIASIDMVSEVNMAMQ
291,0,STIYGPHTLSAYIQLFRNLAKAIA
292,0,KIQDKEGIPPDQQRLIFAGKQL
293,0,GQRVQKGGTESQDTLCQNCPP
294,0,PGDIEFEDYTQPMKRTVSDNS
295,0,KAADSSPDTSDNEAKETDGKRS
296,0,SFEAGEGSCASLELFFIGFIIMGF
297,0,KLRKDIRPEYREDFVLTVTGKKPP
298,0,KEIDTDSTSQGESKIVSFGFGSST
299,0,GFSPQHKITSFEEAKGLDRINER
300,0,GSCYPATGDLLIGRAQKLSV
301,0,HLVEPCFPPCQWHRMPTTQE
302,0,GQELRFYKEKKEILSLALTQICSD
303,0,ELPTELFPPLFMEAFSRRRCEAL
304,0,SLVIVESADNQPETCERLDED
305,0,PKCPSRYHCTHEAGVHSVGL
306,0,PRPPTAAPQESVTFKDVSVDFTQE
307,0,FNSFDKVRSLPLLLSQAGVRTGL
308,0,MLGSTCHTTTLPALVRTPTL
309,0,VIPGLKTIVGALIQSVKKLSDVM
310,0,RRGFRQELDSWRHKLIHCVPFPS
311,0,PNGNALDESCEDKNRYIYKVLLCC
312,0,ETSSGIFCCGPCSVESIKNGL
313,0,GHLAKQLYKKFDLRANCEPQTYG
314,0,AIEVEGEQQAWFGFAGTPGYLS
315,0,EKVLKPRTYSYWFQKLRYVRKLKN
316,0,SSIDDLMKSLDKNSDQEIDFKEY
317,0,KHPRRAQDSKKPPRAPRTSKAQRR
318,0,EYFSRVVLLCHPGWSAEVRSWLTT
319,0,IGQMDCSLIPANLVEAFGLLINC
320,0,QLHVSSKPEKLARARNTAHEWI
321,0,PAPFEMPSSVSEDPSASSQG
322,0,NPKRDQCFAGLEPPANMPLGAG
323,0,VSVDDGGTFEVVLHRVWKGSSV
324,0,SISLPWKVLLVMLLALITLAT
325,0,GKRFHDEVGKFRFLNELIKVV
326,0,AACKTKVAGSVEEEGVVKEIDI
327,0,NSRVLVDQTTGLSRGVAFIRF
328,0,NYPPGPWRLPFLGNFFLVDFE
329,0,AKTIQQTLILANILEACEHMT
330,0,FGGSFLNCVRESENSAQKLMHLV
331,0,SESSASPQPKRRQQDTSASMP
332,0,VFALVIALVPVGRGKPPPLPTP
333,0,QQYYLKVHLGENKVHTARFHS
334,0,AWRGRVEAFLGAELCQEAHSIILSIL
335,0,SGQSLKSLNASSGHLALILSSIFGLLLL
336,0,ERELDWAKVMVEKSRMGVVPPGTQVEQLL
337,0,PKRQFGSAPPVRRLGHDAQPMTSLDTA
338,0,QFAKQTGQWIGMVENFNQALKEIGDVENW
339,0,AETEPHEGKRKVESLWPIFRIHHQKTR
340,0,RIGKTGERPSQENGIQKHRTSLPAPMF
341,0,FHYGLILQSLWLQSDPKYHWEQQCEGL
342,0,YIYELLEKVCKLEKVYIPPEADKEEP
343,0,MDAEAEDKTLRT
344,0,MELLGCEVEAPTAGPTTPNGNLVDECDD
345,0,ILAELLHFFTDLRDGIISDIFDKKEKTLL
346,0,IVGIGYNGMPNGCSDDVLPWRRTAENK
347,0,ANRFQSGSRRKAAQRSAPSRATALVG
348,0,HMTEKQLNLYDRLINEPSNDWDIYYWA
349,0,LEQEELAQELLNVGDKEEEPSVKLPSVP
350,0,MRDSYLEEDVYQLQELRRELDRANKNCR
351,0,DLARRLGLHYVVYSGLENIKKLTAG
352,0,GRFGKKGLAFNMIEVDELPSLMKIQ
353,0,ASQVSTACNQISPSLQRAMNAANLNIPPS
354,0,VHCSLDLPSSSNPPTSASQVDGTRG
355,0,XHLVSKVSQLIHHLLNRLQLPMSG
356,0,VASSFGNMMSKEKREAVSKEDLARATLI
357,0,MATELSDAILEGYPKSKKQFFEEVG
358,0,DSGGPMVASFHGTWFLVGLVSWGEGCGLL
359,0,KCGARMMRRLLAQHATSECPKRTQPCTY
360,0,SVPCILGENGITDLIKVKLTLEEEACLQ
361,0,KFYTTAVDIWSIGCIFAEMVTRKALFP
362,0,QKETESAPGSPRAVTPVPTKTEEVSN
363,0,SKSAISKPTCVKALKPEKVKLAACGRN
364,0,VQFQASYLPKPGAQLYQFRYVNRQGQ
365,0,MEIPMGTQGCFSKSLLLSASILVLWMLQ
366,0,PPIPESLAAAAAAAQQLQVARKQDTRQTA
367,0,QLSVKNRRQRPSRTRLYDSVSSTDGE
368,0,AQATDLSLSPGGESKANCSPEDPCQE
369,0,TLISGLSVNYDDDDVEIELKRAHVDM
370,0,PTKSRGLTPLLPKSTIQEQERHKQLKS
371,0,ALRSFLTTYQVLALPIPKKMKEFLTYRT
372,0,FTSVGIAASSIAAKMMSTAAIANGG
373,0,MFVVCSKEQLQSGGKYSHQVWAPFSPLA
374,0,WFLLGWIGGDSCNLIGSFLADQLPL
375,0,LRYYDQICSIEPKFPFSENQNLDND
376,0,SRWHVPSDGLCRPCHVHQLLHPPLVPA
377,0,IVVAGTWPQAPGLSTLGLNIIILPDCLGI
378,0,KISKVSPGAFTPLVKLERLYLSKNQL
379,0,HNEVERRRRDKINNWIVQLSKIIPDCNA
380,0,FDEFQVTDIADAMILKQLFENLFKN
381,0,WEVELWEIRRTEKQNSQPCGSSTCEV
382,0,YFWGYILIGWGVPSTFTMVWTIARIHF
383,0,SQALSGCEISISNETKDLLLAAVSEDS
384,0,SGPGQPAVWHRLEELYTKKLWHQLTLQVL
385,0,PPPIALAVVPSKRQRISGNTSRRGK
386,0,ADSDGWDSAPSDLRTIQTFVKKAKSS
387,0,KIQSGITGTVISAPSSTPITPAMPLDEDP
388,0,MRYACSSSEDWPPPLDISSDGDVDAT
389,0,MGSSQSVEIPGGGTEGYHVLRHQ
390,0,DYISLNEDLRSWTAADTVAQITQRFY
391,0,VKYLEFISECIIQVLQSKHPGDFGA
392,0,SEEWNPWEGDEKNEQQHRFKTSLQILDKS
393,0,HCRAHLANHDDLISKSFQGSQGRAYLFNS
394,0,LLEGQDAKMAGIAIREASSGGGGSSSNFHIN
395,0,VIGDHKSTSHFRTGEEDKKINEELESQYQQSMD
396,0,WLSDLQTHTWDSNSSTIVFLCPWSRGNFSN
397,0,ELNSLKCINYPSEKSCLYDIPNDNISDEPSLCDC
398,0,TLGCGLLNRSLSPNTNQAARSSAAAGQMMV
399,0,EFQARRSSYFWLCNALDVYCPVQWEYGRLNLHY
400,0,MPKSGFTKPIQS
401,0,VWVEPQYGRVGPGPGIWKHLQDLTYSEIPQALH
402,0,ALWWVNGKGKELMWNFRELSENSQQAANIL
403,0,DRPEGSVEDEEKKEYLMYGNPPVKYNPAQLAN
404,0,DETNFLDEVSRQQELIEKQRREEELKELKEYRNN
405,0,HFEKRRNPAAGLIQVSPGVPRGPAQPLSWSHL
406,0,TWQAGHNFYNVDMSYLKRLCGTFLGGPKPPQ
407,0,GPNLHGLFGRKTGQAPGYSYTAANKNKGIIWGE
408,0,SMYGAHKYQAEFPMSPVTSAHAGTYRCYGSYSS
409,0,SGLGEVTFLSLTAFYPRAVISWWSSGTGGAGLLG
410,0,EKLVSLPVEYSSDDKIFQTETKQYMDQPKVYQ
411,0,LLQLDQKKEWATQNAVKLIDKGSYLEIWENDWLK
412,0,QKEPEPTRLPPIISKDGNYSVHQNSHTRYHEAV
413,0,EDGGLKKCKISRYHLPPPFKLPSSLLCWTTG
414,0,PGQQVGTEKSDVGKGIYSLEHVMVPASPQGPA
415,0,HNSNGKNKYKNLLISDLKMEREARENGSKSPAHS
416,0,FLALAHKWWDEQGVYAPLHSMNDLRVPFIRDN
417,0,HPNSRFCAPARQCPIMDPAWEAPEGVPIDAIIFG
418,0,YPAEVTITWRKNGKLVMPHSSAHKTAQPNGDW
419,0,XAAPAVSGLSRQVRCFSTSVVRPFAKLVRPPVQV
420,0,TLSQDALLRISIPFDSNLRPEKCRRFVHPQWKL
421,0,GPELSVPACGEVLLGSMHDFSLERTALFWVEA
422,0,SDEAARLVRELCEQVHVRLRELSPPRYKLVCSVV
423,0,CPAQGETLRAAGATLNKAVNSPLVRGGSWQMT
424,0,QCPCNRLREECPLDTSLCTDTNCASQSTTST
425,0,SDSTLPAEARGRGRRRRLVWTPSQSEALRACFER
426,0,ERYTSGSKVGTCTLYSVRLTHGDFSWTTKKKYRHFQE
427,0,VKREHALTSGTIKAMLSGPGQFAENETNEVNFREIP
428,0,LGAIFIALSSSRILLVKYSANEENKYDYLPTTVNVC
429,0,TDLSEFAAKAALSAGKVSPETVDSVIMGNVLQSSSDAI
430,0,HVCKLGQDRPIKTFQGHTNEVNAIKWDPTGNLLAS
431,0,ISARKIAERAQGELFPDRALSSWGNAAAAAGDPIAC
432,0,LMRCSFRLTKSLATGPWSHFQRVLTVPSTMRTTQGVQ
433,0,QFWDVECHPLKEPHMKHTLRFQLSGQSIEAENEPENACL
434,0,TKVQEAINSLGGSVFPKLNWSAPRDAYWIAMNSSLK
435,0,SDSGSDALRSGLTVPTSPKGRLLDRRSRSGKGRGLPKK
436,0,FVHRDLATRNCLVGANLLVKIGDFGMSRDVYSTDYYR
437,0,RSDLWSCGITAIEMAEGAPPLCDMHPMRALFLIPRN
438,0,FSFDYQKTGMDNWIKLSGCQNITSTKCNFSSLKLNVYEE
439,0,ASGMVNQEMLNMSKKTVSCFVNFTRLQQITNIQAEIYQ
440,0,EVPVLQIVPVPDVYNLVCVALGNLEIREIRALFCSS
441,0,SRISRLFNGTEPIVLDSLKQHYFIDRDGEIFRYVLSFLR
442,0,KVWDFYTEETLAEGPPYDWELAQGPPEPPEEERSDGGA
443,0,SLQPWRASFSQFLSEVDLEPEGKVFVVITLTGSFTEA
444,0,VDFDLYYGGEAFSVEQPQSFTCPYCGKMGYTETSLQEHV
445,0,RYSRSYSRSRSRSRSRRYRERRYGFTRRYYRSPSRYRS
446,0,PIRRTVNSTRETPPKSKLAEGEEEKPEPDISSEES
447,0,DLCQLLVYKSHCVDDNSWTLVEHHPHLGLERCLEDHELV
448,0,IAIYFSQDEWGLLDEAQRLLYLEVMLENFALVASLGC
449,0,VRIYISLLKESKTPAILEASAGAIQNLCAGRWTYG
450,0,GDLIMSCCPDPNPPIHKIVRKPSRILFLMDGFDELQGA
451,0,RYLQEFAPLGTGGGLYHFRDQILAGSPEAFFVLNAD
452,0,VEANPGPLNKDKGEKEERPRQQDPQRKALLHMFSGKPPEKPLPN
453,0,QSLSTHLEAEKPLRRYGAVEETAWKTERLGRNQLDIISMAE
454,0,MAKVLTPELYAELRAKSTPSGFTLDDVIQTGVDNPGHPYIMTVG
455,0,AVDPDAGNGELCIKVPSELWKHVDELKVLKIHINFSLDQPKGG
456,0,AGVRVVATVTGARAGPTETVMTVTPMEAAALGGQKCCAPNR
457,0,AVASYDYLVIGGGSGGLASARRAAELGARAAVVESHKLGGTCVNVGCVP
458,0,QPFHSSALEKEEALSNPGALDLPSLTSLLSEKAKEFLMENRVQSFYQQE
459,0,WLLKNRFSSYTRLFSNFSGADLLKLTKEDLVQICGAADGIRLYNSLKSRAGP
460,0,VPAFLSDLGKATLRGIRKCPRCGTYNGTRGLSCKNKTCGTIFRYGARKQPSVEAVK
461,0,YYLNEQGDRVYTLKQKFDPMGQQTCSAHPARFSPDDKYSRHRITIKKRFKVLMTQQPR
462,0,KVHSPYEISIRQRFIGKPDMAYRLI
463,0,DFLGAVKNVWQPERLNAINITSALD
464,0,STERESQDTVAENDDGGFSEEWE
465,0,LLTLRWCLALLSRLERDLGSLQP
466,0,NLEKYHLPYPEAIFEISYFKKHP
467,0,LLQLLGSPGRRYYSLPPHQKVPL
468,0,DSAKELQR
469,0,ENRPVTDH
470,0,ALAILHSKSMA
471,0,KFSWPTGESYHGQFYRDHCHGLGTYM
472,0,TCPCVRAS
473,0,MSPQVNAVFPESKADLILIVVAVEHAL
474,0,RDMWRAYSDMREANYIGSDK
475,0,GVKVDKATFMVGSYGPRPEEYEF
476,0,VEQPQSFTCPYCGKM
477,0,HFMPILMEKEEE
478,0,VRFSAPPNS
479,0,AQQNL
480,0,LPKLH
481,0,LVCGGVLEG
482,0,EAVRTRNEEL
483,0,ILNIKISHFL
484,0,NVADTKLYDI
485,0,RAQIARISAA
486,0,ARNKLTGEV
487,0,QYFGSAKGF
488,0,NEEEEEEE
489,0,SLKFQQHQ
490,0,SRGRQGCL
491,0,AQRAEQW
492,0,RHHSAMEKRLQ
493,0,KKEAKEKEEKRKKE
494,0,KGKQEQAKEEKARELFLKAVEEEQN
495,0,DGEAEVEAEAELAPVPEEGGVEQL
496,0,SDSDDDFVSATVPLNKKS
497,0,DSGPPFGHMVLA
498,0,AERFPRRAGPGRLGLGTAGERPRRDNPSLS
499,0,RLADVSAVMDSFLTMMVPGRLHVKHRLVSD
500,0,DEKRSNVRWDHESVCKYYLCGFCPAELFTNT
501,0,WVSLSKARIVE
502,0,MAIKSIA
503,0,DNFFGL
504,0,LLILQA
505,0,VVSILL
506,0,TQRRGQFLLQA
507,0,GSSMIYHCKH
508,0,STTTISREE
509,0,VGTSSLRRAAQ
510,0,TLWEALRALLP
511,0,VRASRAMIGHTD
512,0,DSFSPHLKHHPQEPANPNMPVV
513,0,CAWEV
514,0,GSKDEEA
515,0,PIPCEQLVT
516,0,ATNFSDIVKQGYVKM
517,0,YKPTPDLRISIENSEEALTVHAPFPA
518,0,ELEVVSESCV
519,0,PGDLRQEHF
520,0,LIVISKKVKCRKADSRSESPTCKSCKSELPSS
521,0,KEIAEAYLGKTVTNAVVTVPAYFNDSQRQATK
522,0,GKDVLMNNGLKMDQFCKEHGFVGW
523,0,NQLRATVLLMILVCETPYGCYVLH
524,0,VPETKVTEWRGNKRREAACISPVHPKHHSA
525,0,ICIGYIIGGLIMKKFKITVKQAAHIGCWLS
526,0,SLLGVKENNKKSSTRAPSPTKRKDRSDEKSKD
527,0,DAVERQRRQKNS
528,0,SLEAKLRDSSDSELLRDILHKVRI
529,0,FSDNGFLMTEKTRTILFYPWEP
530,0,NKQQSEEDVLRLFQPF
531,0,MIICKALNSNLQGCVTENENDPITNIEPFFV
532,0,HERIL
533,0,AKPSAPVVSGPAVRATPEHTVSFTCESH
534,0,QPLRPNLVETSCPNIRMDPKL
535,0,RQLQKDLESVSRERDELQEG
536,0,EITQGFEETGDTLYAPYSTH
537,0,KLQRVVRQKE
538,0,TPPAPQPWYADQRFTL
539,0,RLKELREQLKELTKQYEKSENDLKALQSVGQIVGEV
540,0,FISSYSASVKGHTTGL
541,0,NYGYTFGSGTRLTVV
542,0,AKGKQAEVANQETKEDLPAENGE
543,0,NCPNPTADCKTAVNCSSDFDACLITKA
544,0,RFCSSAPFPKHKPSAKLSVRDALGAQNASGE
545,0,LSLQPCHDPVVTPDGYLYEREAILEYILHQKKEIA
546,0,SGTSGVDSL
547,0,ILGAASIGKGLGGMLFSRFGRSSTTQ
548,0,PVKKSIRDTPAKNAQKSNQNGKDS
549,0,INLKVAGQDGSVVQF
550,0,SSPGPPTRKLLAKNLAILYSIGDTF
551,0,EEEMTESQGTVTFKDVAIDFTQE
552,0,HRPWSLSHTGDGKPRYDTFWKHFIFVM
553,0,IYVNWLNMVRAGLLALEF
554,0,MDVLSPGQGNNTTSPPAPFETGGNTT
555,0,SSSLAYPPPPSYPSPKPATDPGLFPMIPDY
556,0,KGKKEKGPTPEEAIQKLKETEK
557,0,HEIRRLGEGHLSRFMALGLGLMVKS
558,0,GFSVKNNGQSGRPQVYSLTAAL
559,0,NVWRFPYLCQKNGGVVEPECEQSS
560,0,SVKYKGQHVPGSPFQFTV
561,0,ESYVKHFAI
562,0,VDFFVEH
563,0,SVLNLNCSLILLPMC
564,0,LQAQLCQDVLSSFQ
565,0,TNSKSRSGLEELVLSEMNSPSRTQTGD
566,0,LTDGAVTDVEATREAVVR
567,0,EDKPEGQSPVKAE
568,0,FQSEGTPVMIGGGVLAHT
569,0,AGDLPLPSNTPTFSIKTSPAK
570,0,MKEDPTVSALLTSEKDWQGFLE
571,0,GVFLWALV
572,0,IAVLILVAVVCL
573,0,LSREKSNLAHSLQVAQQQAEELRQ
574,0,GLSDCLWAWILLLSTLTGRSYGQP
575,0,QDVAMALITGVILLAVGVW
576,0,EMVQFNTDRISLYQDNTGR
577,0,SPPAEELDAPLTLQDAQGL
578,0,NYISFTGCFAQM
579,0,QACGKRFSRLDHLSSHFR
580,0,GPGGTFQGR
581,0,PTDGPEYSPTQFQEQR
582,0,ANVPSALPSLPAGSGC
583,0,SVSKKLKSV
584,0,RFSDEGGF
585,0,VTVTRTTITTTTTSSSGLG
586,0,KTDDDIEQLLEFMHQLPAFANMTMSVRRELCSVMI
587,0,HAKDSQRYKVDYESQS
588,0,ANVGLLFGVVCTIAIVIGRFPRAM
589,0,GAINPGPIGCIAPSPPASHYV
590,0,SILFAVLMEAIGVSWFYGVDRFSN
591,0,DYPFKPPKVAFTTKIYHPNI
592,0,PSDGELIRTQPQ
593,0,IITAESVSSGFWLGALRNSPGIFTLN
594,0,KTSNIFGLQRI
595,0,QSRCKCCWTRRAAVSWV
596,0,VESLEVTCRRADAGEKPKAFIHWVSQPLMCE
597,0,RMITSHCFPETQFIAVTAYQ
598,0,HNVKKRNFCNKIEDHFIDLP
599,0,WGNTLSFGADYPDELKCL
600,0,NNYPRLRELDRNELFEKA
601,0,GSVPVHAKTK
602,0,TRIQSMNYGTIKWF
603,0,GPVSNLCSL
604,0,EYINETHPGTVVTVLDLFDGRESL
605,0,LRYPVLMSRRVCWMI
606,0,QVVQIPV
607,0,SLSYT
608,0,MRRL
609,0,LPP
610,0,AKTK
611,0,SPEVL
612,0,DGKDP
613,0,RKDA
614,0,SPIH
615,0,TVVG
616,0,RGRG
617,0,SPPV
618,0,VLVD
619,0,GQLR
620,0,VAENQQGKSKAAHFVFRTSAQPT
621,0,SVRPM
622,0,SLYWYSNQMAEKADGFVNLPDFTVERASECKKKHAFKISHPQIKTFYF
623,0,PEEEIMQILSSWFPEEGYMGRIVLKTQQE
624,0,PSIGLAQTLEKLGFVVGRLKTGTPP
625,0,QPGKINLRTCDQCKHGWVAHALDKLSTQHL
626,0,MSAHMSGLEIMDEDQLIKDVLDKFLNCH
627,0,SNLYIAESTSGRGQCLK
628,0,LVRGVIPPEVGNVAVRL
629,0,EMMQPMAANYNVFLNSSKLAEW
630,0,DIKKQENEKDLEE
631,0,LSVSEILFT
632,0,LGDLHLLPL
633,0,SGKVHFALLGTW
634,0,ACTLGAYHPLLYEKLLVQRLNMGTQGD
635,0,GAWTGPGEWELRDAITSGLGSCSSGNL
636,0,FLPYQFFRIYYLNVVTHSNACNSKVAF
637,0,SPSTSSEGQAGLPSAPSLSF
638,0,IPRAA
639,0,RFFSGYGRLLEV
640,0,TRLELEGRGSPVPALPQ
641,0,DKLDYCASLK
642,0,EKMTLVASEDYGDTLAAIQGLLKKHEAF
643,0,IVKDPVSRTPALVFEHVNNTDFKQLYQTLTDYDIR
644,0,APKEQPPPLQPPQQSIRVKE
645,0,ATLYQGWGVSGPGLEHRGER
646,0,PKELVKEEENL
647,0,PKPTTVANNGMNNN
648,0,FPPTSIYHVFQSRKDCV
649,0,VLPEETQEE
650,0,VAHLARANPFNTPHL
651,0,ELLNQRWTHGG
652,0,LEKIKEEAKKESVKLLQ
653,0,EEEAESSISSTSNEQEP
654,0,GVYALMGGYFMNVLVNF
655,0,CVPLFHSHLALSVMLEV
656,0,NALYFDRKYLFANSKTY
657,0,KGKLGVPELRVGRLMNR
658,0,EYTVTRAEARNRQRKLG
659,0,LSRSRKGGIEGGAKLCS
660,0,GHSEERLWETCALLASF
661,0,MDVRGPEAPGGRALRDA
662,0,LLDGQSKTKGYAGTPGF
663,0,EVPEDSLEECAITCSNS
664,0,ASMTFAGFALKSGKNIV
665,0,KTARYWAQTPLPHGTHA
666,0,GYGFNLHSDKSRPGQYI
667,0,QAGIGGEPAAAGAGCSP
668,0,QAWFGFAGTPGYLSPEV
669,0,EMSQGSGLHQVSKRQQV
670,0,QRKSEKRRDPPNGPNLP
671,0,TPGYHGFPARDSQGNQE
672,0,IRQRSLSSLELFLSCAQKQ
673,0,EEKRKQKLREEEERLEAMMRR
674,0,NGLPRAPPAPVIPQLTVTAEEPD
675,0,SVCSTSSLYLQDLSAAASECIDPSV
676,0,FGLDVVEVDPTTHCYGLFIKLGLTY
677,0,PDAGGCLHADPDLGVLCPT
678,0,GAYSMDVITSTSFGVNIDSLN
679,0,VPLPRHLSERSEQNRRSEEAHRA
680,0,DCKLGADLLSEAVQKITGLKSISIH
681,0,LEPFLYFIVSQPSLLLSCHHRKQRV
682,0,SYNDGNQETLNGDATYSSLAAKGFR
683,0,ELNRRKYQALGRRCREIEQVPHESA
684,0,GLRGGRATRTLLRGGMS
685,0,HVVCSLSFSDSGALLCGVGKDHHGRTMVVAWGTGQVG
686,0,LHRLRHALAGDGPGEAAASPEAEQFPESSELEDDDAEGLSS
687,0,DGTITSSDPGLEILNMASCDLDRNSLCKKEEDTRSASPTIEAQGT
688,0,MVPAAGRRPPRVMRLLGWCCRGKWSLMVRGAACSPSP
689,0,QKTFQDTFKKILGLNFCTFHGRGFTRGSWGFLPFNRPITTV
690,0,LIPAFRGHFIAARLCGQDLNKTSRQQMNPVLCLHGAAGSVLYQCH
691,0,LEPGCHKHSVEVARRGSLPSHLQLADPQGSWQEQLAAPEEGE
692,0,ARKQQRLSDGCHDRRGD
693,0,GLAEGGPQRSNTYVIKL
694,0,GDMIFFHSYKNPGLVLD
695,0,SLEGFTRYMDSRECLLF
696,0,GHTGPVLDIDWCP
697,0,ATADKLKCQQEAEVTAVTISLANRLTPIPVTPALDPLR
698,0,PFLQVFNNSPDESSYYRHHFARQDLTQSLIMIQPILYS
699,0,DARGHCPQLAAYVHYAFRLPGTEPSLPDGAPPVTVQAA
700,0,CIYCIHALSLYLFKLGLAPQIQDLYGKVDFTEEEINNM
701,0,ILGDSVHRAVYKDLVLLLQKDRLLTPGQLRARGELNFE
702,0,PMGEEEINPQTEEVSIKEIAITHHVKEGHEKADPSQFE
703,0,SNMEIDMTYQLKVIQQSLEQEEAEHKATKARLADKNKI
704,0,RRPVRPHTVEKPVPSSSGGDAHVPHGSQVIRKLVMYTL
705,0,NSDEVKSSFEKRQEKMNEKIASLEKELLEKKPWQLQ
706,0,ERSGRFGGNPALALLLSSSNMVTLKMVLGDLQRLN
707,0,MDSNKYIEHLLTQLEEQHRSLWREKLAVARLQREVAQR
708,0,DQETGNITLMEK
709,0,GNEVDGLSRPQRPRPR
710,0,EEEEEEKEEQSTNSTL
711,0,TYNWKGIVRVEQKNNTFFDMN
712,0,RSKREKFH
713,0,TSSNNNSSSSSNSGWDQLSKT
714,0,LQLSADP
715,0,LRFHFMSPPPAQSMVQALELLYALGGLDKDCRL
716,0,LQGEYPPQLSYTELAAKSGGLALPYFNGTGTVQK
717,0,RALALNCFAPINDQEGAEAKDWRSGKPVRVVRNV
718,0,QSPRKVLQEVRRVLRPGGVLFFWEHVAEPYGSWA
719,0,HTEEEVRAPIPQKQEILVEPEPLFGVRQEQELRN
720,0,PARPCPICGGDHWRVDCPQRCRSLGPKPVSQVSN
721,0,IKCSHVEFGMWKGGRSHPFLPHSSRCAGSGGQLD
722,0,LVSVTGNPRHLHIL
723,0,INRAKETLKIDILH
724,0,NMSKIGYFYTDCLV
725,0,PRHLPGEDVKVAPA
726,0,PGGVDVSEVKEVYL
727,0,LWLNGGPGCSSLDG
728,0,TTSLATLTSFPDSML
729,0,GQCPMRVQKEVAGFVLNRLQYAIISEAWRL
730,0,AFPLAEWQPSDVDQRCLDRGSSEQQDTCSNPGPCSSPTG
731,0,VGDNPDDLLN
732,0,DSSQDLKQSEGSEE
733,0,CGQVFQACCVKSQE
734,0,PTPIPHNSS
735,0,ALWPRWLADKMLPLLGAVLL
736,0,RDVMLENYSNLVS
737,0,PFHLFRLLIQYH
738,0,NPFFSQPGAPILQCMGCC
739,0,YNLEQAYNKFCGKKVKEK
740,0,TPILTVLICLGLSLGPRTHV
741,0,RLSLGTGS
742,0,DSDLERVFVWDLDETIIVF
743,0,TYSGLRNRRAAVYVGSFSW
744,0,GPGEDGAQGEPAEPE
745,0,NRIDIVTLLEGPIFDYGNI
746,0,LENWLP
747,0,CQRSLS
748,0,GPADGYAAIAQ
749,0,SHSPGPVVAPGRVR
750,0,AQECQNLEVERQRRLE
751,0,SNHQKAHSFVNHYI
752,0,KEPVISSVHTKVKGIAEV
753,0,VGSSNFRGGLGGGYGGASGMGGITAVTVNQ
754,0,KQRPQATAEQIRLAQMISD
755,0,TEVYAGEWRADRRSGFGVSQRSNGLRYEGEWLGN
756,0,NLKHLCLP
757,0,ESTPEEVRLDPSDADFVD
758,0,EELQEAFNKIDIDNSGYVSDYELQDLFKE
759,0,LMDTARIAVVGAG
760,0,SVGHRCLGLLHGVAPWRSRCQKNPHC
761,0,LPDLPEQFSPPD
762,0,LRTYVFNIIFKTLFE
763,0,LERHLKIKTCTV
764,0,EEMQLLQVQSPSIKM
765,0,LRIRKSQHSVLSRKFVEVM
766,0,FPKTTEENPIFVVSRE
767,0,FLLSLPTPPSASGHERRQRP
768,0,AKVKFNVNRVDNM
769,0,PVDGFNEEVEGMVHGHCMCRHNTK
770,0,HTLYVGARDTIFALSL
771,0,PCLPLGSLMKTPDLE
772,0,PALCGPHMMFDEDRCECV
773,0,LWPPLKLFACSQISSLVR
774,0,FILKPTLKNFYTLVTERP
775,0,FGMPPAGTGMPMMPQQPV
776,0,TTDSVYTGGTEVMVPSFC
777,0,DEQEAAAESLSNLHLKEEKIKPDTNGLYK
778,0,ISAKSSPVIPLDGSVKIQCQAIREAYLTQ
779,0,KAGKNLRQMSKDYQQV
780,0,SFGQPRPEDNQSVVRR
781,0,DDEVFERGLNALVQLS
782,0,LSEDTIAGLSVHVLCRTRLK
783,0,DEDLAGAVGGLGWNSR
784,0,PKVASPLSPTSLTHTS
785,0,EGQINGRRGLFPDNFV
786,0,SVLGRYDGNVYENLFEWAKN
787,0,KTAEYDVAYGESHLFR
788,0,GEIECDASIMDGKSLN
789,0,IQVLEASNKDWWWGRS
790,0,XTFQKSSSLLRHKYEHTDSY
791,0,LDHKDLEAEIHPLKNEERKSQENLGNPSKNEDNVKSAPPQSR
792,0,ENETERISGNNKVP
793,0,YLNTARTLELYGVE
794,0,FFLTVPAVLTITF
795,0,YFAKPRNQGGYGG
796,0,LSVRRFGLQ
797,0,CSICLYLPQEQLTHWA
798,0,CSLFPETSAEAMEVRFF
799,0,ETTPSDTAETFVLPFNASPPFPD
800,0,CVCRKRDNTNEIYSGKFCECDNFN
801,0,SKSTIRPKNDVTNH
802,0,KIENLDPRGIQLSALFMS
803,0,GRRL
804,0,TEEKKKLIRD
805,0,SVYRPRLSKPEEPP
806,0,RLMKKLPCGDRHCSPDHM
807,0,ASPQQACCLCSQASCGPESSGSEL
808,0,YTSSKKRKRRFTESIKKAHGFRKLKIWLKLRVSNQSPDDIYIA
809,0,EEEEEVESLKSIRKYLTSNVAY
810,0,MKV
811,0,IMRSMTYIHMLLQTYKK
812,0,APAPQEVNSELPPLT
813,0,RKKLSWANQARP
814,0,PAPPRHHGPPGPTFF
815,0,YRHIDCAAIYGNEPEIG
816,0,LNAFDVQASPNEGFVN
817,0,TLQCVSDVGYDRFVLYKEGERDF
818,0,LVDTGGPWAR
819,0,QQDGSSFALEQLKVINKMSPT
820,0,ASEPELLNRSLSMWHG
821,0,SRTAGAMMQFTAPIP
822,0,FQSCESCSNSDRAENENGSRCFSE
823,0,GHYVHAGNI
824,0,KPNKYGVIYS
825,0,VIGGGLMGAGI
826,0,FRVQNISRLQEG
827,0,IAVRIYQQKRLY
828,0,KKAQASLNAGLD
829,0,MELHLIHYSYG
830,0,RHRVTGMRLLTALMT
831,0,RFKEQLTPSQIMSLE
832,0,MVGTKLRQDIGFSLA
833,0,LYTWRSCSRAIPQVK
834,0,GAQQEPVKKSIQESE
835,0,QHANAERPTVARISS
836,0,MYFKHVLFEDTFFDE
837,0,SEAKSENRKKSFEKT
838,0,CIRKVSFCRPGWSVV
839,0,QKPYKCSECGKSFSE
840,0,KKVSLVML
841,0,DHLIAAAKE
842,0,QSMCKPITGT
843,0,CVALVIVFLPG
844,0,YTEDEIYELSYA
845,0,YLRIHPQSWVHQIALRME
846,0,LDVRSLGAVE
847,0,RFALKQEGHSRRDMFEILTRYAFPLAHSLGVG
848,0,VYRKEDGETTFTGRLDKLHFPFFSFPVFLYMRFVNTHFLRAG
849,0,ARKLVMFRDVAIDFSQEEWEC
850,0,AVLGGDKESTRKRPRREAPGN
851,0,DLQPSGLWKLYSLMTSTPA
852,0,MLFPTSAQESSRGLPDA
853,0,IVQCCLYERGGQRVSWPAI
854,0,GSLQMQYQQSMQLEERAEQ
855,0,GRGKELWLESLACLPGAVK
856,0,IKTWRPRYFLLKSDGSFIG
857,0,EQMNPKEKLKPFQRSG
858,0,VQSQPPRVREQRPRE
859,0,VLKVFVGSPCGLNLRN
860,0,QPKQICK
861,0,LSDLQTNMANLILDQKGTLS
862,0,EKGKDAFPVAGQ
863,0,LVWTSGISALDGEF
864,0,LVAGNYLIVITKKI
865,0,LYLHGIEDSEAGSA
866,0,DHLAAFDGASEEAP
867,0,ETADSTICHILNLYRR
868,0,GRQGWVSSSLTLKVT
869,0,GHQGMELFVQRPEFHALRAGFALD
870,0,AVYERELQTF
871,0,FLAFLEKQGKIDEDNLTCLEDLCK
872,0,SGKKKKDVHADRVGPET
873,0,PRRLRRSNYFRLPPCENVDL
874,0,FAAALGPLS
875,0,WQKFCIKDDSVL
876,0,AASWFGAVVTLGAAAGGVLGGWLVDR
877,0,VLDQMRSFGMTPVLPAFAGHVPEAVTRVFPQVN
878,0,GTIPFPEGMGGSVYFSYPDSNGMPVWQLL
879,0,FEGAPGQQGPFGMPGMPGQSMRVGY
880,0,MDQSGMEIPVTLIIKAPN
881,0,ALLYFTGSAHFNRSMRALAKTKGMSLS
882,0,VLKWLYHLYIKTPRKMFRHTDSLFP
883,0,AAAVMQAAANSAQSRPPYIRSPAYP
884,0,PGPTLLAFVE
885,0,HEESRLLQLLNK
886,0,QLPENHTAFS
887,0,KPRLDYSEFF
888,0,FLPTDSSHYF
889,0,VFISPLIVRE
890,0,TRKTPGVCGL
891,0,PKPPTDGSTS
892,0,DKEERACLQQ
893,0,ELIRAIIN
894,0,ERKMINDKMH
895,0,QPTNCMALL
896,0,SKSSWRNGR
897,0,EMKNEAET
898,0,LEVREKL
899,0,YNWDSC
900,0,FQASVS
901,0,DPMEPPRFKINKKIP
902,0,GRLPADQRRGYKNVF
903,0,CLGAEDDKKAFIEDF
904,0,RRLNHFRVCSDITLY
905,0,IMPPAMADILDIWAV
906,0,NLFRHPNGQIVQLLP
907,0,QSEEIPEVTSEPVKG
908,0,GASRTFFPQQRSQSE
909,0,LMKLLKEEELKQGVS
910,0,DGSLKRTIIGWSAQE
911,0,GPVRSEDESVEAKRE
912,0,ARVVGQQGRGRAGIEASLDVQYLMSAGANISTWVYSSP
913,0,WQDLVASGVVEYIDTLEEET
914,0,EKTPNSTLPPAGRPS
915,0,HELFKEAN
916,0,LTKTE
917,0,KCSKHFHRLYHNTRDCTIPAYYKRCARLLTRLAV
918,0,HEHKGLSPLP
919,0,GFLSARQTGLEDPLRLRRAEST
920,0,GPAASPQRLRGLLLL
921,0,IVHEALYFLFCLPGF
922,0,LGLLVIVGLHQLLESRKRKRPIQKVEMGTSSQN
923,0,KTYVKSKRNTDVMHHYWVEGNCPTKCDKC
924,0,ATPATEAGFEDEAKTSARDAALAYHRLHQ
925,0,PNVNASTEETEMASAVDLPVTLTETEANF
926,0,WNMCWPCMIVEFSRYLSQMRNLRKLFISD
927,0,PARQKVMVKGGTLKDFHEITFF
928,0,DEATNPISRVLNGNQQVVDTSL
929,0,WQNRTMENLVELHNKAPVWNSD
930,0,HSFNTRMSSFDASLPDMN
931,0,AKGKGLFATQLIRKG
932,0,ESVGLGYLKTHAIEF
933,0,MTTLTRQDLNFGQVV
934,0,DDFLGGAECSL
935,0,EMGVIPSKRRVERKERARLKTVKFNAKP
936,0,LVTIYRSFKRVGASYEWQSRDTPIL
937,0,LTGEGEDTRLSASEMKQLI
938,0,KVGALRRDTVICCCRH
939,0,IRPHKCSVCSKAFVN
940,0,GFYPAPYNITPNRM
941,0,VFGWAVFLASRSL
942,0,QSANRWKDH
943,0,GRMDRGNS
944,0,AVRAPGFGRSGGHSLSPEENEFAEEEPV
945,0,EAKFEDDITYWLNRDRNGHEYYGDYYQ
946,0,WDFWSLRPESLHQVSFLFSDRGIPDGHR
947,0,QPWADFTLLGARAPGTYSCYYHTPS
948,0,YTNNVVRCDIRYTGHHAYASGCTIS
949,0,IKRVQNLLGHYLIHGFRVRPEPN
950,0,PSRARNSGTQSDGEALGP
951,0,PSSPSPLTPSFLCTCLPG
952,0,LPSDGSAVDVH
953,0,AVYSLEEQYLGLALDVDRIKKDQEEEEDQGPPCPRL
954,0,QNCPIDVRRPLYKMEQ
955,0,HDVIRISQCKCTASDIKR
956,0,FELKFLEETNCLYAAEGQRLMQE
957,0,RGVPLQSQTAMFLPPT
958,0,PLPKIDLI
959,0,WKKTTAG
960,0,KRKRDSDA
961,0,TAKGERG
962,0,SVYVVLDLM
963,0,ASVDAEKSM
964,0,FSVYGNIVY
965,0,AAAAPAGGK
966,0,NGKETLQRA
967,0,SEGSTQTYA
968,0,DQAVLALYA
969,0,SSSTRCPQK
970,0,KIVWLKLLI
971,0,CWRIGRWIR
972,0,DGLSVSSSSTGSL
973,0,TALFIYIRPKAS
974,0,KEQMLTMLPKE
975,0,SQGGNPPPSTP
976,0,SAKMLGGVFKIDWI
977,0,WKQNEFRDDACRKE
978,0,TLELLSQVDMDCRVHMR
979,0,DFYY
980,0,FFVRTGPEEPREKASR
981,0,TFKAELDAEHAQKVLEMEHTQQMKLKE
982,0,QPGLLPTPNLFQLPQQTQGALLTSQP
983,0,SLSPEPTHLLSSLSSFQPKIFTQLQGL
984,0,GLVTEVNLNNMLCPAISDPFYGPWYRI
985,0,ESNLQGCHQSLLGGDMDMGNPGTL
986,0,EMFGDEEVMCLNGNWTEP
987,0,VFGAEKSPDDPRPHGAERDRLLRKE
988,0,NTKARTSASIILRGANDFMCD
989,0,SILELEELLRAGKSSCSRVDE
990,0,ADSMLSRKLTSQECPVKKEK
991,0,GSEPAVAEASGSSALYGCF
992,0,QACRFGQVPDQPAGLRLFT
993,0,FPDFYLHLGGDEVDFTCWKSNPEIQDF
994,0,SLTASEGESTTAHFFLGAGDEGLGTRGIGM
995,0,GKVRAKAKSRSSRAGLQF
996,0,PPRPAELSDEEVAELFQR
997,0,MSGMGENT
998,0,RKAKRPLRGSSSQKAGET
999,0,AVAVKAAQELQEGQRCVV
1000,0,HPEYNRPLLANDLMLIKL
1001,0,GKIEGFEVLKKVKTLCLR
1002,0,KDALQWSRHPATVEGEEP
1003,0,IKVEQAEFSELNLVAHAD
1004,0,HIQLWEIIISLIIPSTFE
1005,0,MTVAETITALMFPFQWQH
1006,0,SGHGYEVLDAAGSFDNSS
1007,0,LAIAGMNTIAKTTPHTKF
1008,0,RSHMPYTDAVVHEIQR
1009,0,ARLQGPSTLFQFPT
1010,0,WGFTLVAQAGVQWC
1011,0,PAVAPSQLIAASTSLVQE
1012,0,EEFKKIYGNFFPYGDASK
1013,0,MYTSHEDIGYDFEDGPKD
1014,0,TFKMALNQFSDMSFAEIK
1015,0,VAEFLAVTAEDLSSPAGA
1016,0,LAPNHVHEVCLHQVESIS
1017,0,QLPLNVYLALYAYKPQKS
1018,0,VLLSMMAFDRYVAICNPL
1019,0,SKKRNWNLYPACLREMSR
1020,0,LQERAGVKMILIQDGS
1021,0,AISRPFISVKFINKIQ
1022,0,FELELSWVGELTNGR
1023,0,ERELEECQRNHEGD
1024,0,PHIHTPPLGYGAV
1025,0,QMGNPQVRETSC
1026,0,LRLTRSSDLKR
1027,0,PKLKKQLGPG
1028,0,LVLKQDSPY
1029,0,GRGSSGVG
1030,0,SIPQHH
1031,0,ETDYTCSKQKHRSNT
1032,0,SHGSPRRPGPEPGA
1033,0,LQSTHPAFVLAWK
1034,0,PPGEPGRPGPPG
1035,0,ICTTSRCHPCP
1036,0,ALIEKVGIKD
1037,0,QALGWDSVQ
1038,0,EEEERWRM
1039,0,AEQHKRV
1040,0,MSLVNP
1041,0,STAPLYSGVHNWTSSD
1042,0,TLQANNTSEDRPQDTK
1043,0,CHPGFGPLGVELRKNL
1044,0,RGRSLHPVIYHLGQLA
1045,0,RTFCLIFGLGAVWGLG
1046,0,NMSNTCLKSTGELVVQ
1047,0,QLKKYDDDISPSEDKD
1048,0,QQLHSGKISHTCNEYR
1049,0,VIITSSLPHICSFVMY
1050,0,EKEATFSNPKTTSPNK
1051,0,AIAQVPRPGTSLKLPG
1052,0,NIPHGQCVICLYGFQE
1053,0,GPFIRVVFLNHSQCTQ
1054,0,RRAQRQAAEEQKTSGI
1055,0,MEYRLSQACMRGHDFH
1056,0,GAASRPSWPGRNSAGK
1057,0,ELATALLLLLLSLCEAPA
1058,0,TFACVSDPKAAKDLIE
1059,0,PLLHNFHS
1060,0,GMAALKLGSTEVA
1061,0,QRITWKGLLLTGHSLD
1062,0,EASPEEEIYPYIR
1063,0,DGEYGLGCLVGG
1064,0,QLMENIGAIQV
1065,0,DTPRMVLVRN
1066,0,HQLASMQVQ
1067,0,SCIQSFALPIRM
1068,0,KKKISTVVSSK
1069,0,VEPRMEFPSC
1070,0,AINSLQFSSSKG
1071,0,DIPRSVQNFRF
1072,0,SWYLTWKYKL
1073,0,TPPRRVRLKP
1074,0,APFKDEFHSR
1075,0,SLAAVQASLS
1076,0,SQAKPSACDG
1077,0,ELFDVILDEN
1078,0,SSLPTNISGG
1079,0,SLWLRKEFMQ
1080,0,QRLKLWVCCL
1081,0,CHFTWNLLKE
1082,0,IRKWLFTTEE
1083,0,RDYDVEWGYAF
1084,0,KEEGPEPWPGGPDP
1085,0,VKDIIDSK
1086,0,KEAEMEEHREHIK
1087,0,VSDQHSLYPLLEA
1088,0,LCGALAGPIIVEP
1089,0,GKLRYVANIFPYK
1090,0,GKTTLLNYILTEQ
1091,0,SNVQETLVAACQL
1092,0,DLLHHHHVSGSRR
1093,0,SLKHACHRLILQF
1094,0,VYLENWLPVSYVP
1095,0,SYAYILEAFGGFIAFI
1096,0,VISGAVFLIILFCFIPF
1097,0,KDKRKKLRETFERIL
1098,0,ASVVLPSGSQCAAAAAA
1099,0,RPEFAESTYFLYKATGDP
1100,0,EGVYGFLIEDIRKEVNRAS
1101,0,HTEGRNDTNSTRALKVPDG
1102,0,HRMPGYETMKNKDT
1103,0,HRKPSLLAHPGRLVKS
1104,0,RAVMRNTVYAVKRLKENADLEW
1105,0,GTRPQ
1106,0,VPPLF
1107,0,LRELL
1108,0,MFLDQ
1109,0,MVGKA
1110,0,LKRES
1111,0,LFPQG
1112,0,KAISD
1113,0,RMDEA
1114,0,YRENS
1115,0,CLMLY
1116,0,EQNTT
1117,0,FPQYF
1118,0,SASDD
1119,0,LWTLI
1120,0,AGKPA
1121,0,LAEQR
1122,0,EPGGG
1123,0,VNVQSLDEAIEFINRREKPL
1124,0,TARLASLMNLGMSSSLNQQG
1125,0,QQTQKVFLFIRNRTLQLWLD
1126,0,CRPLKGEPGVGFEEPGENCA
1127,0,TEEQEAAVSSSSPLVPGTLE
1128,0,FRSRRGPGVPSPQPDVTMLSR
1129,0,SYVGEVVRAMDKKKVLVKVHPE
1130,0,ASPRPPPRKDPEASKASPLPFE
1131,0,QCKWVMGSILLLVSFVLSSGGLL
1132,0,LTSLDVGFNTISKLEPELCQKLPMLK
1133,0,SSRCVTAGTSCLISGWGSTSSPQLRLPHTLRCAN
1134,0,VGMGYSQEEIQESLSKMKYDEITATYL
1135,0,INITKEENSAFKNQDQQRKSNVSRSFYHGPSR
1136,0,TIEPLKQLENLKSLDLFNCEVTNLNDYGEN
1137,0,YENVQVPAVLGVPSSLASSVLGDKAAV
1138,0,RLTHLHLPPLKIVTIHECDSGE
1139,0,TMEEYMLAYHLKLSIWCPVKQR
1140,0,ESYYCRCHRGYTLDPNGKTCSR
1141,0,SQWEGPPRLGCIF
1142,0,SELKAELERKKQRLAQIREEKK
1143,0,TLLVFGVWILYILKLNYTTEEC
1144,0,ILIPPESLQQPAKFDEAEQVWVW
1145,0,GRYMALAERRDCKDYVSIFVCSDWQLLR
1146,0,SPFLELWQSKAVSIR
1147,0,NLLNLDHDMVSPAVF
1148,0,RQRLSDLYHRLHARL
1149,0,TTAAYLRIHAVKDHG
1150,0,LLKNPEALAAVRGEL
1151,0,RKTQKIVIKKREPLN
1152,0,QDYWKQLRCLDERFT
1153,0,LGCQAGASRCWCWSV
1154,0,PGPCAALVLPQTWLL
1155,0,GTLLQDLTNNITLED
1156,0,SDGKAPPASTSARIG
1157,0,TELCFQRCVPSLHHR
1158,0,RLQELDAASKVTEQE
1159,0,EPTKLADVYQAELRE
1160,0,TVAEINATMSVHLPF
1161,0,VIIIEPFFDCYEPMT
1162,0,FMLALSLQNEGQASS
1163,0,VITVILGCLKIGYFI
1164,0,TIFSPEGRLYQVAWT
1165,0,STESFLPAQSESISL
1166,0,KEIKNIRAFYYAMCA
1167,0,NDWSMWKVFLACLLA
1168,0,SPYGQREFVAGFVQF
1169,0,EFLQKFERNFIAQGV
1170,0,LEGMPQDTYSQQLHS
1171,0,SKTVVYRTSQGTSFT
1172,0,FLNPRAFPEERYYSH
1173,0,QIPVIAVSVTVGVIL
1174,0,SEESRMRIAAHHMMR
1175,0,QNDQKLEKLMVQ
1176,0,PIQPVGKFLCVKLVVFVS
1177,0,FNNKTICDSSVSTHDLKV
1178,0,GMNQVLDVPLTVKIRTGV
1179,0,EALEFQLHLHYHSKPGPT
1180,0,EGYNATVFAYGQTGSGKT
1181,0,GTKSGNEIFSRVEKSLKN
1182,0,LLGTMAGGAADCSFWERL
1183,0,NIVRKRNDEICMLRGLSR
1184,0,RQFKEEKLAEQLKQAEEL
1185,0,PPALAAAWLRRCERRGGRP
1186,0,RVSDPKFHPLHSKIIIIK
1187,0,GGEQAAAWLATRHLRPYC
1188,0,VWHPANPAEKIIRVLFPG
1189,0,TQSRLMLLESVLIFFNLL
1190,0,KSYGVENRAYSQEEITQG
1191,0,DPMIDNNRYCTLEFPVEV
1192,0,IDFSYLLSKREGQAGSPE
1193,0,SMADFLL
1194,0,CGRALGRWGRTQLLA
1195,0,REEFPTDLKPEEVAQEA
1196,0,EEAERSERNTFAERLSAVEA
1197,0,DVSCKRFLDQLVGFFNFY
1198,0,PEGGGQWLNSSCAWSE
1199,0,LHCFSDDFTAVRRA
1200,0,TKKSLESINSRL
1201,0,LNALWSASRT
1202,0,GHIEASGRGLCPPCSLAAAHEMPADLV
1203,0,VDRYSTPASLLAAYDACATPKE
1204,0,LQAFEKWKEKKMEYLK
1205,0,GRRLVLSSTFRILADLLGFAGPL
1206,0,LHESIRYWEQEVSELKKDLAIL
1207,0,SVNLRDVYARSIMEML
1208,0,CQPTCCRPTCCETTCC
1209,0,KRELMPCDFPGCGRIF
1210,0,VGALYAVGGMDAMKGT
1211,0,EAGKEPAEGGGGDGSH
1212,0,ATARLWPLSMPKPLG
1213,0,VEAVLQLQDCSIFIKIIDRIHGTEEGQQI
1214,0,NSSLSTKQSMFPWSGLIYIHCDDGQKK
1215,0,PEPAKSAPAPKKGSKKAVTKAQKKDGR
1216,0,KEFDHPHVAKLVGVSLRSRAKGRLPI
1217,0,SGETWMRQVISFDKLKLTNNELDDQ
1218,0,NHQEQREHYKLDWHRFNLKQRLKDK
1219,0,VFENNDLIRAKQE
1220,0,SDQVKKRKKKRKDYQPNYFLSIPITNKEIIKGIKILQ
1221,0,RGNRSPVPDVEDPATEEPGESFCDKVMRWF
1222,0,SDCLIKTVRSEGYFGAAVNLTLVTPEK
1223,0,EAFPKPEHQQWIYMNRTFTDKWE
1224,0,RSYECGESSKVFKYNSSLI
1225,0,CIYPAYLNNKKT
1226,0,YDELLKYYELH
1227,0,CEEVQWCGFS
1228,0,EYSISLRHNS
1229,0,SPTNSAITQLRNKLENGKPLSM
1230,0,ILNDVQRHLHSDVM
1231,0,LFAKRAYREL
1232,0,PEATFKLICF
1233,0,SSTGSYSINFVQNPN
1234,0,AIAAVFHTLIA
1235,0,LLSEKKISSIQS
1236,0,FSDEVEPATPEEGEPAT
1237,0,TSGDLDNVLEDFSI
1238,0,LSQALQELFQKARE
1239,0,IIKKPEYDLE
1240,0,AGLGRLAKQKPKKRRRPDSRQY
1241,0,DCICLMALDKPQAVPVD
1242,0,TLQGPVSFKDVAVDF
1243,0,IKTKGKRAP
1244,0,SSSSSGVLMVG
1245,0,YQCMEVLLRE
1246,0,QDGRMAAQ
1247,0,RVILLSGTP
1248,0,LPFQKQVRAIDLTKAF
1249,0,IRKATKYLKDVT
1250,0,KIWEFKGKLEQHLTGRR
1251,0,VKELAYQVGDRVSLGSGPGAGP
1252,0,RWVDIALECERYLAPKGFGGVQ
1253,0,CYVILHVPQSPKA
1254,0,PCQACGKRFSRLD
1255,0,WYRGKWIRVERSR
1256,0,DTERQDFHQWAIH
1257,0,IPRKPFAEYIYKRIKQRDRVKKSEERRLPFPSQPNIV
1258,0,KVVAECTLKESAAINQILGRRWHALSREEQAKYYELA
1259,0,RVPYSQEVCPPRHERCCHVPDRQRC
1260,0,DPLVSLFYAVVTPILN
1261,0,EDTRSHGVLLGRFQ
1262,0,LLTCTYLAAP
1263,0,YVLRAIGTDE
1264,0,SFVRAHDSAGEGSLGSS
1265,0,LGDLRSSSPGPTGQP
1266,0,CGKGFTEKSHLNVHRRTHTGE
1267,0,RRRLYPPSQTWPTGQLPGNCT
1268,0,MRILREVREPKRIFFGPVS
1269,0,PACQNLQPEWESFAEWGEDLEVNI
1270,0,GSGTDFTLTISSLQPEDFAT
1271,0,DDDLQKSVDMIMDMFCPPGIKIDAYPWL
1272,0,ADSGEKVSLGVTVLLALTVFQLLLAESMPP
1273,0,QRLHHHLFLAGLQQQRSVEPMRLS
1274,0,SCGSSSGGCCSSGGGGCCL
1275,0,CAPRLLVKGSKPSQQGRYNMTY
1276,0,NLFFMASWMKHSG
1277,0,LDADAVLTNLQTLRIL
1278,0,EGVPRFYIRILADLEDYLN
1279,0,LGGEVSCLVA
1280,0,KNPLGLIVALGENNTAKGDFFW
1281,0,PQLQLPLSRRRRYSDPDRRPS
1282,0,GYSHCVDVYIKQCQE
1283,0,VPSSALSEVSLRLLCHDDID
1284,0,GATNPADAPPGTIRGDFCIEVGKNLIHGSDSVES
1285,0,LGKTVYTGIDHHWKEAVFATCGQQVDIWDEQRTN
1286,0,PVPMGMPPMSKP
1287,0,KKMFLTPEQIEK
1288,0,SICDLPVHSNKEWSQHIN
1289,0,YALVQVTVHRDTLASLPWRLQTALEEHL
1290,0,ASQARDLLSKMLV
1291,0,DNLRHFAKKLDPRREGGDQR
1292,0,APSVCLGLQQGAPHEAAAEN
1293,0,DGGLQLRPATDLLLAWNPIC
1294,0,DIKTLIIATTMGFISFLGVVLF
1295,0,QNQKEGRCSH
1296,0,NIAEVFKTMENKP
1297,0,ARM
1298,0,KQRRP
1299,0,MACGFRRA
1300,0,LRALYQLG
1301,0,HSALHLAAKNSHH
1302,0,NSSVKLKYSDVQT
1303,0,GVLTGMNETSAVI
1304,0,PRAHQNLWQA
1305,0,LSCGDNSR
1306,0,PGMFPFKDKFG
1307,0,LLWVLLL
1308,0,SRSKRRHR
1309,0,WLGLGVG
1310,0,RGFPGADGVAGPKGPAGERGS
1311,0,LSEVLELLSAPELKSLAK
1312,0,LLFKNGSTEIYGECG
1313,0,FGPIMTFDRFHA
1314,0,KLQLWDTAGQERF
1315,0,ALTYCDLHKIHRDDL
1316,0,FDAVGFTFPNRLLTTKEAPDGCP
1317,0,AMALLFYTVFMFVIVLS
1318,0,PTDGGTSAEAMQVPLE
1319,0,VSLCHPGWTAV
1320,0,FIVELRQLSRVNHPN
1321,0,PPTADLFTGVLPNGYN
1322,0,PSGQHGEIPSLLKYKK
1323,0,GNALAGAVNQHGGFEPALG
1324,0,LQASTQSLAEVLQQLG
1325,0,GGLGEELDSEDAPPCCR
1326,0,LRRLKVQDQMTKQHQTRLDIISEDISEL
1327,0,CIPPRTFDGLKSLRLLSLHGNDISVVPE
1328,0,HQLRVHCSALGHPVVGDLTYGEVSGREDRP
1329,0,MRALKELDEGKIFKNWGTQTEKEDTSNINPRQTETSVN
1330,0,QRLFLEYGFVSVHNPH
1331,0,QKLDPLEQAKVDLVSAYTLNSMF
1332,0,KFLLCMKRENPYARGKPLEYDGNG
1333,0,TRSGKVFPTGPSDWRI
1334,0,FLLPPEPDYSLLLTFIYNGRVVGEAQVQSLDCRLVAEPSGSESSMEQVLFPKPGPLEPTQ
1335,0,PKERGDFNHERGERKVCRFKLEWLGNCSGLNDETYGYKEGKPCIIIKLNRVLGFKPKPPKN
1336,0,PQQEEENTIFKAW
1337,0,ARWRDQEEKRGPQMFMDCSPQALPIAS
1338,0,YLPSVSSAIG
1339,0,PPLHRIGTA
1340,0,AQEWTYQVGQHL
1341,0,RLVQRRQDDIKDESSEFSSHSSQSILK
1342,0,EKLKWAFNLYDIN
1343,0,ERTDIR
1344,0,GCGFPSPSSSRL
1345,0,SPAGYYLKESRGSRRWLL
1346,0,TGFPPP
1347,0,LSQTPQPQRVSG
1348,0,KTPKLERGDGGKEVRERA
1349,0,RAQELR
1350,0,LEEIPKNAAYRK
1351,0,LICSASLDYVIMWNLDEC
1352,0,PFGGGMENMGRFGSGM
1353,0,HSGELLATGDKGGRVVIFQQE
1354,0,PPPEPSPSQKVSLKDRVFSSPRGVAA
1355,0,SDPLPSQGSEFTPQFP
1356,0,VAGGPG
1357,0,PIKLLQQP
1358,0,SVSGAPGQRVTISC
1359,0,LRGQPIYIQFSNHK
1360,0,LFPDRVKRNILAMGEK
1361,0,VWCGSFQVTTGLQVPSA
1362,0,KALDYIASKGVKLVSIGAEEIVDGNVKMTLGMIW
1363,0,EMGAGICLLIIIQA
1364,0,ELEASEEAASLEA
1365,0,RLENVWLPLFLAS
1366,0,HLRNLAVAMCSRYPGR
1367,0,IADLKAARQLASEITSKGASLYDLLGMEVELREMRTEAIAR
1368,0,LDTPAMRHVKEAQNHISMVGSNQIIL
1369,0,SEFSDTLFSTLSSHQPVAWPNPREIAH
1370,0,RSLQDLARIAIRGTIKKIIHQET
1371,0,IILAQKNMLDRFEKTNEMLLNFNNLSSARL
1372,0,GRQSRNLKPDRRHTDRDYSL
1373,0,PRGGQEAAPQSHGLAHAPPH
1374,0,LEHSICLLSLTDSSLSDDRLNHL
1375,0,LQSEAAYCCVSELGELG
1376,0,DHVSDSFLETNVPLLVLIE
1377,0,KAGCQLLTVHG
1378,0,LLTLFRAGHDQVPEE
1379,0,PSEKIWRPDLVLYNN
1380,0,CPSCKTIYGEKTG
1381,0,LWCSRRDGGLQLRPAT
1382,0,ALVKDVFAFQVLPIIV
1383,0,PLRTLGPVMYGKLPRL
1384,0,QGGSEKLVFGKGTKLT
1385,0,KRKVMPKMDQITSHEG
1386,0,GSVTPSSFGGKSAAFG
1387,0,VAKLNPPPEALAAKLE
1388,0,FLNTFTHLSQEDHVSK
1389,0,NSLITAPGEFSADAGI
1390,0,TIPFSVQEHLQQQDSR
1391,0,VHGSAKFYISDLWKVT
1392,0,GRGARRSGEGWCPGAF
1393,0,LAFLPIFYVTSSD
1394,0,MLFNVGFQEAMK
1395,0,PRPPQSSSVS
1396,0,LSAKHQRQVYLQIRSSVI
1397,0,AVALRGLGGRFRWRTQAV
1398,0,VKALRGEIAPLKENVSH
1399,0,APPSSQDKIPQQNSESAM
1400,0,HLPYLIKWARYTLFIVLY
1401,0,KGLQKEDGSFAGDI
1402,0,VPAFLQDEVSGSVMS
1403,0,GRGGPAQQQRGR
1404,0,RWNQLDLAIV
1405,0,VVVGDNAVGKTRLICA
1406,0,KDYIDYIQTSCWKEKQQ
1407,0,KLDFNWVTR
1408,0,ICSFKDRC
1409,0,CQLPGLLAN
1410,0,IIYNGGN
1411,0,KRTAVR
1412,0,KMLMKWKE
1413,0,GIASGLGMQ
1414,0,PEPPTLKPI
1415,0,SHNEHAPAS
1416,0,THYKQYPPN
1417,0,ALAVISYVT
1418,0,FQIDRTIDL
1419,0,TTKGKEDVH
1420,0,YELQVRGFS
1421,0,YDDYRVQLC
1422,0,DRGATLALTQV
1423,0,IFVDNLFAIV
1424,0,HQPITAMAFG
1425,0,DHLIDKDIGS
1426,0,VTNDNFREFV
1427,0,ILILTLLDSH
1428,0,CGQQGSPLGRPP
1429,0,EVDVLVFVVDSA
1430,0,YVARIHRKEP
1431,0,VLWEALRKMG
1432,0,VQIHRSPAQN
1433,0,GMLQVLKELTDV
1434,0,LLEAALAAEVKK
1435,0,DKYIRPEMPIAD
1436,0,IVYASVSSICGA
1437,0,DEAKRLRALHMK
1438,0,PSGEDQAALAAG
1439,0,NEMAIYEFIHNF
1440,0,RIAVYDDNNKLI
1441,0,PEVARGNVIYNQ
1442,0,ALRACRRLNDFA
1443,0,ITEWSLQSLGEE
1444,0,WQVKWQLRQLVR
1445,0,FRAVSAFGVVGG
1446,0,DIQRRHNEFRSL
1447,0,IPPSTTGSSKDR
1448,0,IFLDQMTIDEDK
1449,0,QHSVLPLEEVVQ
1450,0,PRSRSPRICHRF
1451,0,ASCSENKAFISV
1452,0,EDGFLLKIKLG
1453,0,EFLGGEVLLYK
1454,0,RRLDGIDYNP
1455,0,EADLPNYKSKIL
1456,0,KKYKQNTQGLKS
1457,0,PDLSAGTAVSIMIGVLAGMA
1458,0,FSPPPVRRADLPFPLGP
1459,0,DFRAMCPLCRDVVKV
1460,0,KLNRRLSHPG
1461,0,GKVTIAQG
1462,0,HVESGLEDVLG
1463,0,HFKFGS
1464,0,LKLIEH
1465,0,IPPARWKLTCYICKQKGLGAAI
1466,0,QILNY
1467,0,ESLRKLKEIVYPSIDEARWLSNV
1468,0,SITHDIEEKGVR
1469,0,KLAQGISQLDRE
1470,0,DPDLEEEEEEED
1471,0,LESFKTADKKLL
1472,0,KVKKGGPGSECA
1473,0,LSPASQKSSNLE
1474,0,YPPYSPQAQPQP
1475,0,AASVANAELVRV
1476,0,TAGKYLYVYGDM
1477,0,TLSFIYIFIFVI
1478,0,KTLDLSGIRLTN
1479,0,KQKISLLHSCTC
1480,0,RVSQEPMRMPAQ
1481,0,PLLDDLFKVHKL
1482,0,QRYLSAPEREHL
1483,0,ELYALPPPPQFY
1484,0,SLAEAEGDYCAQ
1485,0,GLPECAAGRCLP
1486,0,TEPLAEAPLLG
1487,0,VCTCVVHKRCHH
1488,0,ELGGSGDGAWLLK
1489,0,GVEDISGLPSGE
1490,0,AVELGAGTGLVG
1491,0,ALWRMPWLPVFL
1492,0,QTSWKEEKNISF
1493,0,NENEPLGLLDSS
1494,0,PHVSDEEEEEPP
1495,0,AKLSTSGAIKKK
1496,0,SKGKGVGSARKK
1497,0,GELREKVGECEA
1498,0,FSIGKMSTAKRT
1499,0,QGGGGELGFMGA
1500,0,SSFSTSVYQPIP
1501,0,RSARRGRSHSRS
1502,0,AVAATLNNLAVL
1503,0,VQVRGRKERPCE
1504,0,LARCGSRQLPSS
1505,0,LRNLASIEVLWK
1506,0,NPEPPEKPVRTP
1507,0,SGVWIVFAIAVT
1508,0,TNTEEKNTLPSK
1509,0,PGETAQRLSGVF
1510,0,KTHSDLMREKKK
1511,0,GKISEPMEAHNE
1512,0,HLLPHTHDDVGW
1513,0,HEDDKNGRLTQF
1514,0,MGFVRDLEKQYN
1515,0,LDEYVALVDGVF
1516,0,PVAAARKGSPRL
1517,0,WRIFQRAHQPEG
1518,0,VKFRERVLQRGL
1519,0,ELQTQRGKHSET
1520,0,HWRHSMEGLRHH
1521,0,KENCMYQACPTQ
1522,0,YDDDERLASQAA
1523,0,QVYGLALEGQTP
1524,0,RSLSGGPLGRRG
1525,0,PEDAEVLRPYSN
1526,0,QYVLCTLSRITT
1527,0,DCYYCICGLPDY
1528,0,QKGFPIKEDFLE
1529,0,TRKLKERVTILV
1530,0,SWEPGFEFSLHS
1531,0,FTIHNYSHSRERPYKCVQPDC
1532,0,NQMPNAVQKLLLVMDKRASG
1533,0,GLLYPPEAPELQIRKMADLC
1534,0,ENGSLNIYSVQALTQEINKE
1535,0,MGRSWLWLQQLRRVRDPQG
1536,0,PVAFVRRIPWTAASSQLKEHF
1537,0,KDGFKAARWADWGLCLPARLH
1538,0,TPAESREHNRDCILLDFFDDHDIWHFL
1539,0,VYQLHNFSISF
1540,0,RDHDSKRPKLS
1541,0,RYTCHVQHEGL
1542,0,EIPRHLLLTQN
1543,0,HLLESTSGQCF
1544,0,VQRGRSYSVGW
1545,0,PPPSETDFMLQ
1546,0,CQLCGKTFLTL
1547,0,DSFDKFDFCEP
1548,0,DDIKVSVNDFI
1549,0,FDPVFTEVDTF
1550,0,SQKWFHLINIC
1551,0,PLSLPVNRMQV
1552,0,HMKSDEIHWLH
1553,0,SQVSPERYSYG
1554,0,EGVVLSPSLEARVRDI
1555,0,MAGSQDIFDAIVMADERAPGEPLVLRQWGSCELPPG
1556,0,IFAQRNVEGGSGVTDCWACFAE
1557,0,GAKSLELPFQGAHRLMWAKIGPVGAVVA
1558,0,VFHHLRQLRGKRTPSPLILDQNYINTKNQ
1559,0,RPKYTIYFIYFSNVISKSDVKSLAEADEQ
1560,0,PLSKIPGGRGGGRDPSLSALIYKDEKLTV
1561,0,LSARKNEKEYDTPEVTLSYSVEKVG
1562,0,PSGADSADGQNPAPGTGIPVAP
1563,0,ACRISPLCHNLFALYD
1564,0,IDSLDHVTSDAVELANRRGEKKPHSKIC
1565,0,GERPLQVRRAGLRTAGAAASLSEAWLRCGEGFQ
1566,0,GFSSMALLTFWADEFFGDRMGHVLCIL
1567,0,KCKFCHKRGATVGCDLKNCNKNYHFFCAKKDDAVP
1568,0,KNNYKWVAASSKSPRVARRALSPRVAAENVCKASAGM
1569,0,GTIQLGRKLITKYNRRELTDKLLIFLALALFLATVLYI
1570,0,NSYPWPYGRQTAPSGLSTLPQRVLR
1571,0,LPRRQLPPGLESLNVSVAAGILLHSICSQRKGFPTE
1572,0,QRRMSMYSQGTPETPTFKDHSFFRWLHP
1573,0,LDYGFPPVLQQWVIG
1574,0,DKGNYSLITKADPFPPNG
1575,0,QILSENWLFSPRSPPP
1576,0,SPPRAAGHRPRKRKLSGPPLQL
1577,0,PHAQ
1578,0,PFEKISDQSESSD
1579,0,EPEELQRRAR
1580,0,SLTMDPVVKSKEIEAKIKEL
1581,0,SGSLAVSV
1582,0,SQEARTGRTVYS
1583,0,VPTHRRPVQAWVESLRGFEQERVGLADLHPDVFATA
1584,0,PSPRPVLLRGARAAL
1585,0,GAVWC
1586,0,NLLQPLSIRI
1587,0,SHKEFLNKTTHQLLF
1588,0,ARLQALSAATAEHAARLQAL
1589,0,CGNEDHCEGQQCFSSLSIN
1590,0,AKLFHCHKCFFTSKMYSNVYYHITSK
1591,0,TPILGAAIADSWLGKFKTIIYLSLVY
1592,0,SLVTPSPQQARVCPPHMLPEDGANLSSARGILSLIQSSTRRAY
1593,0,DVYLVIEDLKQKASEY
1594,0,LPMTHRLQLSKTNRTLYLFGVTKYIA
1595,0,LNEVVIDRGPSSYLSNVDVYLDGHLI
1596,0,PFPDVELIVERNFSQPTDNPTMDLLR
1597,0,CIVNSENKIVGIGYNGMPNGCSDDVLPWRRTAEN
1598,0,RPVLLTLPMVYLIYRLPFCQAHIIAHSYCEHMGI
1599,0,FRDGAGLLRQSREGAAMGFTGKQVIHPNQIAVVQ
1600,0,IEQAIGRVTPIFDNIISQGVLKEDVFSFYYNRDS
1601,0,EGNVESAYRTLNRILTMDGLIEDIKHRRY
1602,0,GPLIVCRRPYLKVFNPRRKLEFALLFLVF
1603,0,NPLVEFVEELPAGRSSLCYCNLLCGIIRGALEM
1604,0,YRSAGATTLVKKDIFGWQEIKEIIVGLLAF
1605,0,PSQYLLPILEQDGIENSRDSPDGPTDRFSREELEWQNR
1606,0,PVQHVYPAQVQYVEGGDAVYTNGAIRTA
1607,0,SHRHRIVRCICPSRLTPYLR
1608,0,GLYYHRYLQEVIDVLETDGHFREKLQAANAEDIKS
1609,0,QTLVIGRGMSEALKVPSST
1610,0,ELNEFLTRELAEDGYSGVERRPC
1611,0,SLTLGKVTENLG
