,sequence
240,AEKVDPVKLNLTLSAAAEALTGLGDK
366,PIRRRKKLRRLK
237,VNADIKATTVFGGKYVSLTTP
829,CYESMACWHHMEKNVLYERHLSQWLP
397,FTYKNFFWLPEL
250,KNAWKHSSCHHRHQI
407,LDITPFLSLTLP
416,HPGSPFPPEHRP
909,LHFLHKAWDSMIPKGTHWPIQMQCRYLSDCHVKKHNEHG
330,KKKKKKGGFLGFWRGENGRKTRSAYERMCILKGK
292,ALWKTLLKKVLKAPKKKRKV
389,SFHQFARATLAS
285,KCFMWQEMLNKAGVPKLRCARK
161,RGDRGDRRDLRLDRGDLRC
791,QKHVEDTFVTFSPTDKFYKKR
727,CTWLGARMRWQNDQKND
810,QMWWYMFFEQLHCCGGFWAQIADAHTT
576,KGNSDLRCQFTMGF
728,ATHTDKWFIAWWKLKGLL
742,MPHAWEHPVWGTTCYNDHWLMF
13,HHHHHHESGGGGSPGRRRRRRRRRRR
551,TTPINDDWESM
63,CGGKDCERRFSRSDQLKRHQRRHTGVKPFQ
571,MKWNTYPIFP
610,LHPAKLAFFGIMMTCEKM
670,GPSKESRATQNPSNVC
752,NDYMEHMCQGAFILMRAVHRM
245,LDTYSPELFCTIRNFYDADRPDRGAAA
286,GLWWRLWWRLRSWFRLWFRA
587,ADSTNHLSNRTGVFCVV
871,TTMQVGDCSFQNDIGWQMNNETDWGWNTCNDKVC
759,CSFWIGHEPSNIFSNTNETTFSCH
570,EVQLNKLFIPTQ
531,KNPCTIKQYAFCN
187,RGPRRQPRRHRRPRR
704,IDRYMKWRPIQNSLIA
423,QAASRVENYMHR
125,GGAYVTRSSAVRLRSSVPGVRLLQ
521,RGLETIFHWY
623,MLHGENHANIRWCYT
776,LQMIYHQKQFMQYSQTPGEMSG
469,LVYGYLQGLQS
180,VKRFKKFFRKLKKSV
299,GKKKKRKREKL
171,CSIPPEVKFNKPFVYLI
364,KRIHPRLTRSIR
906,YLCHDWLQNPKKDLWYRGAGQIDESHSQMVWRKPCTEIQ
590,LGMNIPNIKTFEKARCMQ
558,TVDVHPGAFDQL
310,RGGRLAYLRRRWAVLGR
222,ELALELALEALEAALELA
916,FYLRWESRDFYKNIPSCTENKGAQSMRNGYEQIAHPTNHIWMYM
744,KGTLHNECPEMFPELERFLWTNK
655,QYCTPNRDYQNTDAT
507,ETMQGCIQFTWQQH
581,ANNIQTIVSFC
417,TSHTDAPPARSP
76,ACRGRGRGCGRGRGRCG
435,RKKRRQRRRPPQCAAVALLPAVLLALLAP
678,NNLCVMRMDMSDWNF
758,CGFVIATVWHQTYARDANREPSAA
172,RKLTTIFPLNWKYRKALSLG
470,ESPDKYEGFILGMK
534,QSVPKRLATLRE
838,YWNVKTLDEKAGFPKEDYVKIGDCYCQ
721,CKQNVLHPNKHCKCNSE
675,PQGFTEKNNLTYCAFSL
404,SWAQHLSLPPVL
536,RNFMSEVQTLIVRF
604,GQGFDDMMSICYIAMLC
771,YRAMKDQKVNGAPMNKRDPCSGM
244,ADVFDRGGPYLQRGVADLVPTATLLDTYSP
216,KLLAKAAKKWLLLALKAA
667,PTMELGVRIDWIQDGCQ
482,DFREVSIGELTI
840,ETCMRINPASMSITKFTHESCSHYYE
664,LNESMAKKNQGRPELGT
52,CRQIKIWFQNRRMKWKKKLAKLAKKLAKLAK
124,KIAKLKAKIQKLKQKIAKLK
836,VDKHCMGSWMSTCGNFEDNHTQEMG
869,RGKNENCITNPPDQRLHCLYKIMYSLVGWDLAK
99,HEHEHEHEHEPEGPLA
189,HSDGIFTDSYSRYRKQMAVKKYLAAVLGKRYKQRVKNK
264,WRWRWRWRWRWRWR
647,HINETEIMPLHIPMETRS
291,ALWMTLLKKVLKAAAKAALNAVLVGANA
479,LDNALAGDMQNYN
293,PKKKRKVALWKTLLKKVLKA
649,HITSHGKYQIHPFHL
607,GWWIHGQGSYVPCIT
564,FLIQMYMHSGLHDM
438,AAVALLPAVLLALLAPSGASGLDKRDYV
902,THPRKFYLVIGEQWSANCGFSLGNTMMEVPFEYMWP
57,ISFRRRRRRRREWLQAYSSSSSEDE
399,SLGWMLPFSPPF
354,MIIYRALISHKK
500,NLKDDSWWGT
784,STNQAWELQNSMWEWSELMHCG
6,GSRVQIRCRFRNSTR
895,FCNVANQAYKQSHQCYCMAPLTKPAWGGMMNMEYSFIYY
